"hfpxzc href","qBF1Pd","MW4etd","UY7F9","W4Efsd","W4Efsd 2","W4Efsd 3","W4Efsd 4","FQ2IWe src","Jn12ke src","ah5Ghc","ah5Ghc 2","ah5Ghc 3","doJOZc","W4Efsd 5","W4Efsd 6"
"","","","","","","","","","","","","","","",""
"","","","","","","","","","","","","","","",""
"https://www.google.com/maps/place/The+Dental+Care+clinic/data=!4m7!3m6!1s0x38df963895555553:0x5489bc125a6e1a19!8m2!3d33.6457102!4d72.9637103!16s%2Fg%2F11gg_tmdms!19sChIJU1VVlTiW3zgRGRpuWhK8iVQ?authuser=0&hl=en&rclk=1","The Dental Care clinic","4.7","(121)","Dental clinic","·","Street 110, IDC, G 13/1, Street 110","Open 24 hours","https://lh3.googleusercontent.com/gps-cs-s/APNQkAGXm-pWJQx5osvRKIuBT77ct3tbjEabuDnyQUxa-yCThOpQzNImghP4LCvR4fYVRJh5kXuBEl5zxSteSgveAfcmMu8KR_79blaZYKeRWRSaL08jQ1FlBd5dkb921TQoyZefrle4=w92-h92-k-no","https://ssl.gstatic.com/local/servicebusiness/default_user.png","""The","dentist","explained each step in detail, and I didn’t feel any pain.""","","",""
"https://www.google.com/maps/place/Perfect+32+Dental+Clinic+%26+Dentist+Islamabad/data=!4m7!3m6!1s0x38df9900261fd037:0x724d6f8607f72158!8m2!3d33.6124493!4d72.8683183!16s%2Fg%2F11w92mf2_b!19sChIJN9AfJgCZ3zgRWCH3B4ZvTXI?authuser=0&hl=en&rclk=1","Perfect 32 Dental Clinic & Dentist Islamabad","4.9","(86)","Dental clinic","·","·","Open 24 hours","https://lh3.googleusercontent.com/gps-cs-s/APNQkAGyWxdcBiKxcbuO44ZhFYjlsU6MEvvASAFW1VRwI5uItFx1dRvlYDhwuTsId78lmsct2KaAM_1F4jIdvBQMGId54hfPbtI6SIK55nRARF8jXjHWbw9ZV7SjIn8CyFBuGsm4ulM8rM98hlAP=w92-h92-k-no","https://ssl.gstatic.com/local/servicebusiness/default_user.png","""My","dental","work was done perfectly — painless, quick, and with great results!""","","Ground Floor Al, Harmain Plaza",""
"https://www.google.com/maps/place/Dental+Parlor+and+Implant+Clinic/data=!4m7!3m6!1s0x38df97caa40642bd:0x765b9434734489a0!8m2!3d33.6564934!4d72.9667539!16s%2Fg%2F11mnmj8cj9!19sChIJvUIGpMqX3zgRoIlEczSUW3Y?authuser=0&hl=en&rclk=1","Dental Parlor and Implant Clinic","4.9","(589)","Dental clinic","·","·","Closed","https://lh3.googleusercontent.com/gps-cs-s/APNQkAH1TeZaq1R56lPNavmYj2QQ_LiEBAWzmorzWO7UO32IohSlNbGc2Y2ZbphaXO9l6dwMU1Dy5RSkeXInjQnfbH45l5cKtS71P13UZQpSWMOdZSZJSCPh3t3QgH7MdHgNZMISwbcqXw=w80-h106-k-no","https://ssl.gstatic.com/local/servicebusiness/default_user.png","""My teeth are now perfectly aligned, and my smile has never looked better.""","","","","Street 169","· Opens 12 PM"
"https://www.google.com/maps/place/Capital+Dental+Clinic+Islamabad/data=!4m7!3m6!1s0x38df971b21c9df0d:0xf1945cb0ba345dc7!8m2!3d33.6498177!4d72.9764482!16s%2Fg%2F11v03zcvgl!19sChIJDd_JIRuX3zgRx100urBclPE?authuser=0&hl=en&rclk=1","Capital Dental Clinic Islamabad","4.9","(69)","Dental clinic","·","JXXG+WHQ, Hussain road","Closed","https://lh3.googleusercontent.com/gps-cs-s/APNQkAFL4YVOSdrFOCgOTRNJao-qm3kSglANgzN-ZXiKGle3dGss-hGAb0ArZILTpEvnJynTsRq8004rzb4a3PzqxAcdQ80IpXsfoksk-tN7IG4yHmAjxQ5aAoDds6dd7flGN_tGY6D7RQ=w80-h106-k-no","https://ssl.gstatic.com/local/servicebusiness/default_user.png","""Highly recommended for any kind of","dental","procedure.""","","","· Opens 11 AM"
"https://www.google.com/maps/place/OraDent+Dental+Clinic+Islamabad+%28I8%29/data=!4m7!3m6!1s0x38df9547a2b41451:0x9388768c64116718!8m2!3d33.6667371!4d73.0759601!16s%2Fg%2F11svm8msf4!19sChIJURS0okeV3zgRGGcRZIx2iJM?authuser=0&hl=en&rclk=1","OraDent Dental Clinic Islamabad (I8)","4.9","(348)","Dental clinic","·","·","Open 24 hours","https://lh3.googleusercontent.com/gps-cs-s/APNQkAGeU0fiEfPZsSs_LOzIL3ohh0K8hzFV35P1ym9rwCwzGuvJRFnrVQ_xq7M9EEHE3HON0B7DtErmEv4QypSzVDZPRIswv93f6nDE9766pwobqvCBvg4tl7jUXhC5AhODDCeeba5Z25HrbbnH=w122-h92-k-no","https://ssl.gstatic.com/local/servicebusiness/default_user.png","""Dr. Kaynat did a great job with my teeth cleaning—professional and smooth.""","","","","Shop No #07, Pakland Business Center, Markaz, behind Allied Bank, below Albarka Bank",""
"https://www.google.com/maps/place/Tooth+Crew+Clinic/data=!4m7!3m6!1s0x38dfbf7166e72585:0xf2920d3f52898129!8m2!3d33.6939448!4d73.0116197!16s%2Fg%2F11q2hzwqc4!19sChIJhSXnZnG_3zgRKYGJUj8NkvI?authuser=0&hl=en&rclk=1","Tooth Crew Clinic","4.7","(177)","Dental clinic","·","House No, 7 Sumbal Rd","Open 24 hours","https://lh3.googleusercontent.com/gps-cs-s/APNQkAG4Ahqc21Zb6HCs9XPnK2iu4alq5BCD5-bZsHuZpLE5FskJJep0NYfxZHPuRrHMil3eYEY96NoEfPwOOIwAkv-LK6u0Zj8Sf8_Jg1xsNr-tiIN0b51WEb5cYQAw6m4KBC1JoXTqU1y_DRVZ=w138-h92-k-no","https://ssl.gstatic.com/local/servicebusiness/default_user.png","""Even she saved my teeth and done a root canal and saved my teeth.""","","","","",""
"https://www.google.com/maps/place/Islamabad+Aesthetic+and+Dental+Clinic/data=!4m7!3m6!1s0x38df97002088615b:0xcfdcd88818ef89a1!8m2!3d33.6350192!4d72.9239297!16s%2Fg%2F11ytv_7ft1!19sChIJW2GIIACX3zgRoYnvGIjY3M8?authuser=0&hl=en&rclk=1","Islamabad Aesthetic and Dental Clinic","5.0","(68)","Dental clinic","·","06 Main Double Road","Closed","https://lh3.googleusercontent.com/gps-cs-s/APNQkAG3X0E3N_ys7wPMSVMNq3uifA1OD7pPT0kx_Dx1Uws1xvImcx05f9JQ4J-L27P3vKIEvk0v4mQwhwwG13oIlv5gdNa5scMUIQwe3Sc3tkw6RnQzTMApMLINCWmfph1Hb8B1PJVVhDn72dTy=w80-h106-k-no","https://ssl.gstatic.com/local/servicebusiness/default_user.png","""The","dentist","did my root canal really perfectly.""","","","· Opens 10 AM"
"https://www.google.com/maps/place/Smile+Dental+Care+Clinic/data=!4m7!3m6!1s0x38df9509a894ebfb:0x4da28f1d67338919!8m2!3d33.668522!4d72.9970727!16s%2Fg%2F11pc9n2__y!19sChIJ--uUqAmV3zgRGYkzZx2Pok0?authuser=0&hl=en&rclk=1","Smile Dental Care Clinic","4.8","(296)","Dental clinic","·","·","Closed","https://lh3.googleusercontent.com/gps-cs-s/APNQkAEVQEbtJgxcTbkZ7ORJa70pJHjb8W1u-6u2wEa6YwvheX94lbyfHDJwkHh7C3d6v0ft86ZL9w_T1NgKiTUIEXMP3wrPD7uiKDkD7BzAvTHL_vsenQZQu7V78-t87mR6qpjrRlv56w=w80-h106-k-no","https://ssl.gstatic.com/local/servicebusiness/default_user.png","""My teeth look natural, clean, and confident again.""","","","","first floor suit 2, shahnawaz plaza, Smile dental care clinic, Sachal Sarmast Rd","· Opens 11 AM"
"https://www.google.com/maps/place/Dr+Moosa+Zulfiqar+%28CDDC+Dentistry%29/data=!4m7!3m6!1s0x38dfbf118536e95b:0x1028b74958667f38!8m2!3d33.6965365!4d73.0514167!16s%2Fg%2F11fkf12dqb!19sChIJW-k2hRG_3zgROH9mWEm3KBA?authuser=0&hl=en&rclk=1","Dr Moosa Zulfiqar (CDDC Dentistry)","4.9","(329)","Dental clinic","·","·","Closed","https://lh3.googleusercontent.com/gps-cs-s/APNQkAHngfRn0nMdS7FGFieqjCNDYVSP3i8HeGjxMmHVGHttGkfeQBilCVcGTgCwah6ZkxP0n9dTRB6TKWv-dbsromeSA6MtmYe98t2iMujozHiEIJwgHuKmF-bf_YzNea6TKnt5Bw8cpw=w162-h92-k-no","https://ssl.gstatic.com/local/servicebusiness/default_user.png","""The","dental","crown fits perfectly and gum issue has been resolved.""","","2A, Lower Ground Floor, Pakland Square","· Opens 10 AM"
"https://www.google.com/maps/place/Alpha+Dental+Clinic+Islamabad/data=!4m7!3m6!1s0x38dfbd001f0038f7:0x15917b6c591ca70d!8m2!3d33.7001931!4d72.9731692!16s%2Fg%2F11vql_qjz2!19sChIJ9zgAHwC93zgRDaccWWx7kRU?authuser=0&hl=en&rclk=1","Alpha Dental Clinic Islamabad","5.0","(98)","Dental clinic","·","Street No. 45","Open 24 hours","https://lh3.googleusercontent.com/gps-cs-s/APNQkAERRw3Ld0A3ZKelWOxttgGfIZKo9j3rLV7Dbk_1AGh5UwvDCnwjxmTxeAZU-6RCjGMj3a8ZKkSDYhrrhs2dXsGj7Ka6fbYrxhAFq3tNDfyoFXeDOkzquUkIrGBQZEtz1lyFCoGf3g=w80-h106-k-no","https://ssl.gstatic.com/local/servicebusiness/default_user.png","""My work was done painlessly and in a clean and calm environment.""","","","","",""
"https://www.google.com/maps/place/Smile+Avenue/data=!4m7!3m6!1s0x38dfbf48f64e15c5:0xd319bee903dec5fc!8m2!3d33.7105646!4d73.040469!16s%2Fg%2F11ldm2yzhn!19sChIJxRVO9ki_3zgR_MXeA-m-GdM?authuser=0&hl=en&rclk=1","Smile Avenue","4.9","(139)","Dental clinic","·","First floor, Pakland Medical Centre, Smile Avenue, PMC, Clinic#1","Open 24 hours","https://lh3.googleusercontent.com/gps-cs-s/APNQkAGrIOYtIgFHmlC8F0j08vOPooAQ2hFvjJIcK5HfvytRdcDWJIQ0oVnxan2LoS8OEe81vjp1Hnh1guVUMv7604F8VAGciRPuuJT_dy3Xjh4T3awKQo7VkOD1vutOA08AsjbLFXp1PKst8xUA=w80-h106-k-no","https://ssl.gstatic.com/local/servicebusiness/default_user.png","""My teeth feel so much cleaner and fresher!""","","","","",""
"https://www.google.com/maps/place/Painless+Dental+And+Medical+Clinic/data=!4m7!3m6!1s0x38dfbdffc666ff3b:0x8612d301d9b126dd!8m2!3d33.7006875!4d72.9503125!16s%2Fg%2F11krkw3skq!19sChIJO_9mxv-93zgR3Sax2QHTEoY?authuser=0&hl=en&rclk=1","Painless Dental And Medical Clinic","4.9","(94)","Dental clinic","·","PX22+74C","Open 24 hours","https://lh3.googleusercontent.com/gps-cs-s/APNQkAHi7xQgdS5RxG7xDsZJkHGf7Eni02AQX9DjDn3w6huhvqCh3xGWvbpWkXBPpZ6_yGU_GM82YzDWxGtOuRcK054cSK1SBgf15MuZPbNwmq1zRuswB-TBLlZuEFDYRm7U7nX2NSQREQ=w80-h110-k-no","https://ssl.gstatic.com/local/servicebusiness/default_user.png","""The treatment was painless and the results were perfect.""","","","","",""
"https://www.google.com/maps/place/OraDent+Dental+Clinic+Islamabad+%28F8%29/data=!4m7!3m6!1s0x38dfbf00563a08cb:0x6ef3103aaafeb171!8m2!3d33.7111081!4d73.0405816!16s%2Fg%2F11ly_b4dk3!19sChIJywg6VgC_3zgRcbH-qjoQ824?authuser=0&hl=en&rclk=1","OraDent Dental Clinic Islamabad (F8)","4.9","(201)","Dental clinic","·","·","Open 24 hours","https://lh3.googleusercontent.com/gps-cs-s/APNQkAE-VWM75lpJ58lv0TfmiyvwIwpPlJ_ymjWVksu2HUrQjffSF6izCe2yYHRn9Q6O9VaMYQ6PTC58QsClqqeLWhks_dMJcb-eUS5zZ5JmKdDPlWoZDDe2cfk3pnwGSVCQ9al5tZUOfZRAwnHr=w138-h92-k-no","https://ssl.gstatic.com/local/servicebusiness/default_user.png","""After the treatment, my teeth felt super clean and fresh.""","","","","Office No 14, Ground Floor, Hashim Plaza, near Medcity Hospital",""
"https://www.google.com/maps/place/Z+Dental+Studio/data=!4m7!3m6!1s0x38dfbdc52e90d905:0xaa4e39c6dd0359fe!8m2!3d33.7316315!4d73.079271!16s%2Fg%2F11c0vk700c!19sChIJBdmQLsW93zgR_lkD3cY5Tqo?authuser=0&hl=en&rclk=1","Z Dental Studio","4.9","(358)","Dentist","·","·","Closed","https://lh3.googleusercontent.com/gps-cs-s/APNQkAF6oErY-NcMtLOG1ca1500e9JLhDKId5OT2lt2ltj-i5ApST7z4sODfR_D8sKB-2rfly4UFlpaZl8FPjt-IjL7UZgbpucFKV0y3T-DCJozHW9bO203JdyfLz0nKv6zupmirFb_V=w189-h92-k-no","https://ssl.gstatic.com/local/servicebusiness/default_user.png","""Had a re root canal completely pain free""","","","","First Floor, Super Market, Mount View Plaza, School Rd","· Opens 11 AM"
"https://www.google.com/maps/place/Smile+Square+Dental+%26+Aesthetic+Clinic/data=!4m7!3m6!1s0x38dfbf50202b8d09:0xc1efc365cd9a4ba8!8m2!3d33.7225341!4d73.0603316!16s%2Fg%2F11yzpb808s!19sChIJCY0rIFC_3zgRqEuazWXD78E?authuser=0&hl=en&rclk=1","Smile Square Dental & Aesthetic Clinic","5.0","(72)","Dental clinic","·","·","Open 24 hours","https://lh3.googleusercontent.com/gps-cs-s/APNQkAF_AToDFvRcAsGUr5g9ggDmsnAI9DugugjexCMINOD2acZKu5bk3M_O1e2QFzWdtKc9KzFNyGI23wruPu9EQ0k8H0FXsHXiyyUz9pG86ToS9493lLqHpfUkYA6L9h3ZkhvUY80qT69Ttkn8=w209-h92-k-no","https://ssl.gstatic.com/local/servicebusiness/default_user.png","""Excellent","dental","care with a clean and professional environment.""","","Office No. 1 & 2, 3rd Floor, Pakland trade Center",""
"https://www.google.com/maps/place/Tooth+And+Teeth+ISLAMABAD/data=!4m7!3m6!1s0x38dfbde30b00f86d:0xbb9a49f8b30e2f76!8m2!3d33.6833151!4d72.9889874!16s%2Fg%2F1tdytr73!19sChIJbfgAC-O93zgRdi8Os_hJmrs?authuser=0&hl=en&rclk=1","Tooth And Teeth ISLAMABAD","4.8","(133)","Dentist","·","·","Closed","https://lh3.googleusercontent.com/gps-cs-s/APNQkAFC0xvMaTs716A8kC1U6kmh333MSZlwkDNPvEOVYlLk80wbZBWXnDMkuVOBdNaFv5sW3MGCTVz_RZXshvma_OGi1BrI8oxOMMOwaeooJVfNUmyLarouHndpsU9aCt0AYlow1jJenVmtl3O1=w80-h107-k-no","https://ssl.gstatic.com/local/servicebusiness/default_user.png","""My tooth filling was done perfectly without any pain.""","","","","F, Hassan Arcade, Office no. 6, First Floor, 11 markaz","· Opens 1 PM"
"https://www.google.com/maps/place/Islamabad+Dental+clinic/data=!4m7!3m6!1s0x38dfa3bfc98f291b:0x2249ad94bf2e34e6!8m2!3d33.6584087!4d72.8558043!16s%2Fg%2F11v00gvpzb!19sChIJGymPyb-j3zgR5jQuv5StSSI?authuser=0&hl=en&rclk=1","Islamabad Dental clinic","4.9","(171)","Dental clinic","·","Ground Floor, Executive arcade, near to islamabad Mart","Closed","https://lh3.googleusercontent.com/gps-cs-s/APNQkAEkjAkBnJX9b5uZvevvXv1e4-aDT8xrO7phxYeF4jZ9SpEd3VXL0od6sHJpJ9KgO7N7ewze3zd47SzdbaZ1CIWw7pXtpDCGtCRFEJP_e3bdmIT1ZBFCKI34IyG8Z80L6_5RV-w=w122-h92-k-no","https://ssl.gstatic.com/local/servicebusiness/default_user.png","""He is an excellent doctor—very friendly and does completely painless work.""","","","","","· Opens 2 PM"
"https://www.google.com/maps/place/Smile+Line+Dental+Practice+%7C+Scaling+and+Polishing+%7C+Teeth+Whitening+%7C+Dentist+Near+Me+%7C+Best+in+Islamabad/data=!4m7!3m6!1s0x38dfbe6da97ad377:0xe718c46e0107a020!8m2!3d33.6969192!4d73.00774!16s%2Fg%2F11g7_bwlf7!19sChIJd9N6qW2-3zgRIKAHAW7EGOc?authuser=0&hl=en&rclk=1","Smile Line Dental Practice | Scaling and Polishing | Teeth Whitening | Dentist Near Me | Best in Islamabad","4.9","(117)","Dental clinic","·","3F Street 67","Closed","https://lh3.googleusercontent.com/gps-cs-s/APNQkAEFK_w041ro7zaIhpfk4XJqTCiKL-uHk0xeLtd2dqIyw68-ad1OqBWUQMTIPebpttuxec0NedtmQZjMLehx1b6Nsg-oMEaA5zEKRQkP6-jGbCpNvL-r0_mPexG3q8zJ8KKAloc=w174-h92-k-no","https://ssl.gstatic.com/local/servicebusiness/default_user.png","""He is calming, gentle and my","dental","issues resolved painlessly!""","","","· Opens 10 AM"
"https://www.google.com/maps/place/Dr.+Syed+Ilyas+Jan+-+Dental+Surgeon/data=!4m7!3m6!1s0x38dfbfdd88981f21:0x49fb91aee9d63e5c!8m2!3d33.7179336!4d73.0540505!16s%2Fg%2F11l2p3l7h7!19sChIJIR-YiN2_3zgRXD7W6a6R-0k?authuser=0&hl=en&rclk=1","Dr. Syed Ilyas Jan - Dental Surgeon","5.0","(338)","Dental clinic","·","·","Open 24 hours","https://lh3.googleusercontent.com/gps-cs-s/APNQkAE3JITpHLg7lXpKeAMzVrj-s6kYph4j3kl8hQ6Oeq9Bl2lveFDx8Q1Ak-5NfIGyciBrk3yN-TfnupggFAVsvZKl7FPSWQTNotyQ2HqjvJbJpYVWOoDNsTV_UXiw_m2cFznBw60D0zyFsbE=w80-h106-k-no","https://ssl.gstatic.com/local/servicebusiness/default_user.png","""Dr sb did my extraction and RCT with very effective and painless treatment.""","","","","32 Bhittai Rd, F-7/1, Islamabad., F-7/1, Islamabad, 44210",""
"https://www.google.com/maps/place/Dr.+Raheel+Nabi/data=!4m7!3m6!1s0x38dfbfecd43796bb:0x5a300c47fa5cd6c!8m2!3d33.6978794!4d73.0487735!16s%2Fg%2F11r9tmrh3c!19sChIJu5Y31Oy_3zgRbM2lf8QAowU?authuser=0&hl=en&rclk=1","Dr. Raheel Nabi","4.9","(158)","Dentist","·","·","Open 24 hours","https://lh3.googleusercontent.com/gps-cs-s/APNQkAEuSso7wJYyJB6QfzhpvQsAxmZdK69-27nuSi6OhHbPmXMSLDXcnrPsPyiR3g77T3fqDIIiGlhEpmUB9DjE-ppvvbo74v6MgT7MlwYMPXEQj_hS2HITs_6WhUFXGYEQ4JMbZcM=w122-h92-k-no","https://ssl.gstatic.com/local/servicebusiness/default_user.png","""The","dentist","was truly exceptional professional, gentle, and highly skilled.""","","Bite Works Dental Care, Executive Complex, near Chughtai Lab",""
"https://www.google.com/maps/place/Dr.+Anum+Fatima/data=!4m7!3m6!1s0x38dfbf62a6f39393:0xe7cb8480f29eacbf!8m2!3d33.697008!4d73.051279!16s%2Fg%2F11stfj61tv!19sChIJk5PzpmK_3zgRv6ye8oCEy-c?authuser=0&hl=en&rclk=1","Dr. Anum Fatima","5.0","(28)","Dentist","·","above IDC","Closed","https://lh3.googleusercontent.com/gps-cs-s/APNQkAGTvvpRK9VBO0Mk3uTbiHUfO0P8-B2bywj5qE47FN7eCa5AfJVvetcUT1deizPx7-eRgDY8M0M2VWz3v9Xv-6c0dAk1dhqUO0nEwe-Rd7ytTG_j_NpxzPE7tzeSnahJI7HCHFA31AAa3kKt=w80-h92-p-k-no","","","","","","· Opens 2 PM",""
"https://www.google.com/maps/place/Dr.+Mamoon+Pasha+%28dentist,+uk+specialist%29+%28cosmetic+dentist%29/data=!4m7!3m6!1s0x38dfed38944c2945:0x4eabc6006d0d093b!8m2!3d33.698246!4d73.048808!16s%2Fg%2F11p5163r8v!19sChIJRSlMlDjt3zgROwkNbQDGq04?authuser=0&hl=en&rclk=1","Dr. Mamoon Pasha (dentist, uk specialist) (cosmetic dentist)","4.9","(241)","Dentist","·","Dental Clinic Office No:19","Closed","https://lh3.googleusercontent.com/gps-cs-s/APNQkAGHp4iNKiBxF01eZbNeyZr3pnU8JuQAi9BrJm6eIquIzJyU09J9Jc9fcLzIUOFBOx2g01bQ0q75rCW01eihKEpE9F8953qgSWFIdI-aFpBuFFR40j7Zqdl9OclOvF8J_VwBO59Tnra1xvsx=w80-h92-p-k-no","","","","","","· Opens 4 PM",""
"https://www.google.com/maps/place/NorthWestern+Dental+Clinic/data=!4m7!3m6!1s0x38dfbfdb75c75db1:0xb020cb44a44fc583!8m2!3d33.6880252!4d73.0322755!16s%2Fg%2F11tk0w4qwn!19sChIJsV3Hddu_3zgRg8VPpETLILA?authuser=0&hl=en&rclk=1","NorthWestern Dental Clinic","4.9","(116)","Dental clinic","·","·","Open 24 hours","https://lh3.googleusercontent.com/gps-cs-s/APNQkAHLp_25-0VhMGuoAr_UoCDUDY2BPaYDM0QpiEhbZyTVmKCM3I3cB4a72UGb5mdIQUS8Cn3SxQSWfmNPUcvdLP1pyPIfyI5ABx9kCLRHASftCyYVRFjSdPONtvZ7U650A58TT6pISWdvggih=w80-h106-k-no","https://ssl.gstatic.com/local/servicebusiness/default_user.png","""I had pain in my wisdom tooth this doctor treated me now I'm I'm pain free.""","","","","1st floor, Pehchan Mall, markaz",""
"https://www.google.com/maps/place/Arwa+Dental+Surgery/data=!4m7!3m6!1s0x38df979744b55ac7:0xa73d353297ed2258!8m2!3d33.6422183!4d72.9800067!16s%2Fg%2F11jzwsfn2f!19sChIJx1q1RJeX3zgRWCLtlzI1Pac?authuser=0&hl=en&rclk=1","Arwa Dental Surgery","5.0","(110)","Dentist","·","·","Closed","https://lh3.googleusercontent.com/gps-cs-s/APNQkAFTbhsYKsOawgovynSdbTCrru7xFG8cF5WFhXrnd8cZ1l0Fja5IXGguQuTsHVaTsDjXOIDYrhLNpIM3T0Mb2ySbeR6YMQBYDD_gJgyaW76aQ2MH1HvAv63JRiXnbiqUOAFyjk6_=w163-h92-k-no","https://ssl.gstatic.com/local/servicebusiness/default_user.png","""He not only managed to ease my pain but also fixed teeth through bridge.""","","","","commercial and residential plaza, Zubair Shah Rd, near Nust university, opposite golden era hostel in JK","· Opens 11 AM Sat"
"https://www.google.com/maps/place/Smile+and+Skin+Co.+%7C+Best+Dental+Clinic+in+G-8+Islamabad/data=!4m7!3m6!1s0x38df9574688075df:0x24eeff6d274cbd58!8m2!3d33.6968085!4d73.0514335!16s%2Fg%2F11krfmbw7m!19sChIJ33WAaHSV3zgRWL1MJ23_7iQ?authuser=0&hl=en&rclk=1","Smile and Skin Co. | Best Dental Clinic in G-8 Islamabad","5.0","(85)","Dental clinic","·","Office no# 1, 2nd floor, Pakland Square, Markaz","Open 24 hours","https://lh3.googleusercontent.com/gps-cs-s/APNQkAHkFnd5Q737reFSSc3qxy9-L6u7f8mIhDvCi3A1ck9AN2EQAy50fT9d53oehGH4NAlARlE3ieoxg4-9KbbHkXatZhDL9nua2_oLTyzF3sC4qOT8N2Q1YJ1PP-UARR3TGTt2r578LkQwmGA=w80-h106-k-no","https://ssl.gstatic.com/local/servicebusiness/default_user.png","""The","dentist","was incredibly skilled, gentle, and thorough.""","","",""
"https://www.google.com/maps/place/SMART+DENTAL+CARE+AND+IMPLANT+CENTER/data=!4m7!3m6!1s0x38df97a965e0443f:0x3dc896dfe9d3b767!8m2!3d33.6328796!4d72.9224791!16s%2Fg%2F11pvbh_7f4!19sChIJP0TgZamX3zgRZ7fT6d-WyD0?authuser=0&hl=en&rclk=1","SMART DENTAL CARE AND IMPLANT CENTER","5.0","(28)","Dental clinic","·","G15 MARKEZ, RTA PLAZA, SHOP NUM 22","Closed","https://lh3.googleusercontent.com/gps-cs-s/APNQkAHhlaE6qmxnUHEMttEwPbPeKy0_sC9cUDm_1V5JVf69Rp1GxaWFzJWMlnvonkojw1vzB6LSXBN55JNvjz9D8i4vMjs3akx3N4fm3L7HtBxLUmky0riDsYN9BNbF1kGX-SUZTJxJ=w163-h92-k-no","https://ssl.gstatic.com/local/servicebusiness/default_user.png","""He did the treatment very well and made my son feel comfortable throughout.""","","","","","· Opens 5:30 PM"
"https://www.google.com/maps/place/91+Dental+Solutions/data=!4m7!3m6!1s0x38df95d7e1d2c2af:0xb67e684a2699a233!8m2!3d33.6687816!4d73.0762876!16s%2Fg%2F11p0gb2yfx!19sChIJr8LS4deV3zgRM6KZJkpofrY?authuser=0&hl=en&rclk=1","91 Dental Solutions","4.9","(102)","Dental clinic","·","·","Closed","https://lh3.googleusercontent.com/gps-cs-s/APNQkAEv5RLcnF-nslvVW1hgz6Abhh0OFRsiwTpaBX--n8lC8c-cg2RuYqA_v-oqA2bW4btcV8zIBPO2O59N3ibfkeh8FmbQfqZXKmWUHID4i1UGjk3saIWryP3cV2QGVMxDDV4T-bjERg=w138-h92-k-no","https://ssl.gstatic.com/local/servicebusiness/default_user.png","""Dr. Khurrum Tahir caught a small issue early during my gentle cleaning.""","","","","1st Floor, Galleria Plaza","· Opens 3 PM"
"https://www.google.com/maps/place/Dr.+Mamoon+Pasha+%28dentist,+uk+specialist%29+%28cosmetic+dentist%29/data=!4m7!3m6!1s0x38dfed38944c2945:0x4eabc6006d0d093b!8m2!3d33.6982455!4d73.0488083!16s%2Fg%2F11p5163r8v!19sChIJRSlMlDjt3zgROwkNbQDGq04?authuser=0&hl=en&rclk=1","Dr. Mamoon Pasha (dentist, uk specialist) (cosmetic dentist)","4.9","(241)","Dentist","·","·","Closed","https://lh3.googleusercontent.com/gps-cs-s/APNQkAFnSaZqpyHzlcbfMG6P9-yTNJI6k0zOlB1VsQbKezNEELcfmNyu0H2JISdS1ucF_0NZyGIwsvalhBE70v4EAZ670393EVK1wQ6JDqYDe2xuA2BwR-cjeu7mBoibwJhClU260ihJ=w128-h92-k-no","https://ssl.gstatic.com/local/servicebusiness/default_user.png","""Dr. Mamoon did an outstanding job with my full mouth porcelain veneers.""","","","","Second Floor, Crescent Arcade, Dental Clinic Office No:19","· Opens 4 PM"
"https://www.google.com/maps/place/Precision+Dental+Clinic/data=!4m7!3m6!1s0x38df97bd92fd4a3b:0xd2836bfce657fb3d!8m2!3d33.6317676!4d72.9233428!16s%2Fg%2F11g87bb63x!19sChIJO0r9kr2X3zgRPftX5vxrg9I?authuser=0&hl=en&rclk=1","Precision Dental Clinic","4.8","(24)","Cosmetic dentist","·","·","Closed","https://lh3.googleusercontent.com/gps-cs-s/APNQkAFDeT2OnlujuNLfcju04doQQ6EwpzR6qmC6uA9HCcKAzxKf57yWNLHBro8BnDIn_7Wxk8QzFXCTt5hMbdxFNatmEgFKJzn4NCyuNU4cfHmnfomtgfZLWLnxxT56W0aniP1_YAA=w80-h106-k-no","https://ssl.gstatic.com/local/servicebusiness/default_user.png","""Professional and provides excellent","dental","services-highly recommended""","","Mr family flat","· Opens 5:30 PM"
"https://www.google.com/maps/place/SJ+Dental+%26+Skin+Clinic/data=!4m7!3m6!1s0x38dfbdebf98974cd:0x7a6f65f4264b1e3f!8m2!3d33.6994764!4d72.9862135!16s%2Fg%2F11h8fv3yxs!19sChIJzXSJ-eu93zgRPx5LJvRlb3o?authuser=0&hl=en&rclk=1","SJ Dental & Skin Clinic","4.7","(79)","Dental clinic","·","Main Service Rd E, E11","Closed","https://lh3.googleusercontent.com/gps-cs-s/APNQkAFfRVVBBg0XNPOnCQCbIJQqMkTlwGrNSF-bL6BETSgaMUIwXsR9lxIg_HEyfSeQU_-d5QbU1ztBekeVIzlVciUDCxOcCb6lwVvokBe9209tFFEAsmy4wiKhuGgH5TIKi8cbLWO0=w80-h106-k-no","https://ssl.gstatic.com/local/servicebusiness/default_user.png","""Professional staff, skilled doctors, and clean facilities.""","","","","","· Opens 11 AM"
"https://www.google.com/maps/place/True+Dental+Care+Islamabad/data=!4m7!3m6!1s0x38df950a8db35445:0xa8a4487e298bd6b4!8m2!3d33.6667392!4d73.0759767!16s%2Fg%2F11q_cvt_vj!19sChIJRVSzjQqV3zgRtNaLKX5IpKg?authuser=0&hl=en&rclk=1","True Dental Care Islamabad","4.3","(138)","Dental clinic","·","·","Closed","https://lh3.googleusercontent.com/gps-cs-s/APNQkAGO-oaUwzmZLuHFHHXuaP-B31Db4n_RmatKnJZdx48r7UJmSFjk58RrNR1R_yDN6xVP0EtIcdRTj38ZaXXnH82TQhkSeHHRCy0aVnAvne2lZ1HcEItHT1x-6G6_1G7bzqEZ2A6uzg=w122-h92-k-no","https://ssl.gstatic.com/local/servicebusiness/default_user.png","""She worked wonders on my teeth, restoring my lost smile.""","","","","Shop No lg-9 Pakland, Business Center Plaza, below Soneri bank","· Opens 3 PM"
"https://www.google.com/maps/place/LUMINO+Dental+%26+Aesthetics+Clinic/data=!4m7!3m6!1s0x38dfbfcbb6a142ad:0xeff31e1f73f3b873!8m2!3d33.7107617!4d73.0408201!16s%2Fg%2F11mcj5trgv!19sChIJrUKhtsu_3zgRc7jzcx8e8-8?authuser=0&hl=en&rclk=1","LUMINO Dental & Aesthetics Clinic","5.0","(317)","Dental clinic","·","·","Open 24 hours","https://lh3.googleusercontent.com/gps-cs-s/APNQkAHBdr5MyJFfgoZZe_-qu2IYzgNqG02jhmDs6Eb9KvVTuMAHRP71YjzOECJiBPVVwzq8mRsQgtiGgTVYaVGO4rR337gJY_ut1h6T-o2NDrTOu2-xQWiXEJWWj5mgb39urA_1C5rsWdp-VksK=w80-h106-k-no","https://ssl.gstatic.com/local/servicebusiness/default_user.png","""I had my teeth cleaned and polished here, and they did an excellent job.""","","","","Shop #1, Lower Ground Floor, PMC Plaza",""
"https://www.google.com/maps/place/Glamorous+Dental+Clinic+Islamabad+-+Dentist+Islamabad,+Teeth+Whitening,+Dental+Implants,+Root+Canal+%28RCT%29/data=!4m7!3m6!1s0x38df9572753b7ecb:0xfc801768ce167717!8m2!3d33.6669982!4d73.0766478!16s%2Fg%2F11mf0j6vr9!19sChIJy347dXKV3zgRF3cWzmgXgPw?authuser=0&hl=en&rclk=1","Glamorous Dental Clinic Islamabad - Dentist Islamabad, Teeth Whitening, Dental Implants, Root Canal (RCT)","5.0","(21)","Dental clinic","·","OFFICE NUMBER LG 20, 21 Interlace Rd","Open 24 hours","https://lh3.googleusercontent.com/gps-cs-s/APNQkAF3mW8gs8ONQ9ejO2g713jzQRoWVX2LsE50lwqqeep61Cvv3SD6ITdP52K8s9JOSiq77KIFu4Li2omhsgh-Hoj4FQuQBjbVMeisIdGtkHFc3I-RLNQ6KlaoW9_ia5XZx84QbX0Lk7dso8U=w152-h86-k-no","https://ssl.gstatic.com/local/servicebusiness/default_user.png","""Loved the results for my teeth polishing.""","","","","",""
"https://www.google.com/maps/place/Elite+Dental+%26+Aesthetic+Centre/data=!4m7!3m6!1s0x38dfbff0f0cf8b91:0x823c1425f190af60!8m2!3d33.6972592!4d73.0514313!16s%2Fg%2F11ng5pymmq!19sChIJkYvP8PC_3zgRYK-Q8SUUPII?authuser=0&hl=en&rclk=1","Elite Dental & Aesthetic Centre","4.9","(437)","Dental clinic","·","·","Closed","https://lh3.googleusercontent.com/gps-cs-s/APNQkAHRkan4DPnbiu6jcWY8vUM00RtHXU-5fXVIpDviOpA8K9QWCnh6NS5G196u-BTfbCNg0VMuaYbj__44o_Kh5L6JvF29c1d5RNSLlG61iRLbmHDqnCzEVpGb0C3lavyu2RGuTJeq=w80-h106-k-no","https://ssl.gstatic.com/local/servicebusiness/default_user.png","""The filling work was precise and pain-free, and the results are outstanding.""","","","","first floor office no, Doctors plaza, 6 Markaz Rd, next to islamabad diagnostic centre","· Opens 12 PM"
"https://www.google.com/maps/place/Crescent+Dental+%26+Implants+Clinic+Islamabad/data=!4m7!3m6!1s0x4826082f1696af25:0x9824a8e952edcb48!8m2!3d33.6984817!4d73.0485124!16s%2Fg%2F11ksl3vf2c!19sChIJJa-WFi8IJkgRSMvtUumoJJg?authuser=0&hl=en&rclk=1","Crescent Dental & Implants Clinic Islamabad","4.9","(291)","Dental clinic","·","·","Closed","https://lh3.googleusercontent.com/gps-cs-s/APNQkAH8eaRhLOTDXI7kTmV58SE3E68p8HPFeh-CsW_dsG7s7U7MOdvJiesN4UIgDbDMtPBLCT0oEurtbzORCl_-upY_wOnvlGPdcZGgdTIywHiStwD5aLb94q0DzDgehWY3AW5_wn9ePNZJIyqg=w80-h106-k-no","https://ssl.gstatic.com/local/servicebusiness/default_user.png","""Highly recommended for the top notch","dental","care in a pleasant setting!!""","","Office No# 1, 2nd Floor, Crescent Arcade, G8 Markaz","· Opens 12 PM"
"https://www.google.com/maps/place/Dentistry+and+beyond+24%2F7/data=!4m7!3m6!1s0x38dfbde39315d135:0x105ff7e4b8dd35d0!8m2!3d33.684472!4d72.9883651!16s%2Fg%2F124yf5fvr!19sChIJNdEVk-O93zgR0DXduOT3XxA?authuser=0&hl=en&rclk=1","Dentistry and beyond 24/7","4.5","(39)","Dental clinic","·","·","Open 24 hours","https://lh3.googleusercontent.com/gps-cs-s/APNQkAFyYEi_JGv1DpSjyeBdBzK6yfrULiA0TxXxnxyITZDbZZ8SPRij23LMuhHtfCCD1GTnGvZ8WUGrzcTX_XVxRP99083oiibLNBJ5sia39zx5pYBMwukF4tjUf7CVlqUkMyTzhPjheA=w137-h92-k-no","https://ssl.gstatic.com/local/servicebusiness/default_user.png","""Great experience with","dentistry","and beyond 👍""","","Office no,13 First floor, Select one center, above Gloria Jeans",""
"https://www.google.com/maps/place/Dental+Specialists+of+Islamabad/data=!4m7!3m6!1s0x38dfbfbf50c8298f:0xd61525b73af0fa4f!8m2!3d33.7151669!4d73.0329756!16s%2Fg%2F11vysqxmy_!19sChIJjynIUL-_3zgRT_rwOrclFdY?authuser=0&hl=en&rclk=1","Dental Specialists of Islamabad","4.7","(74)","Dental clinic","·","·","Closed","https://lh3.googleusercontent.com/gps-cs-s/APNQkAEnzpeS4EdtxrloAGP1ScwPA9kYqPhTNumD-6VlAo2-9F4938Y0hA929xK7BeaqZSf4Zb5t8bn5ffrAQC42cVP-bekoAHD2UeWTPcuW70oTmJu41ARGfkwUsn1gKHBsEhIb-FK7lw=w138-h92-k-no","https://ssl.gstatic.com/local/servicebusiness/default_user.png","""Dr Umair fixes teeth painlessly issues in a jiffy.""","","","","House#5B, Street 21","· Opens 11 AM"
"https://www.google.com/maps/place/Oromax+Dental+Clinic/data=!4m7!3m6!1s0x38dfede10797d5a7:0x26fca6deb862aae1!8m2!3d33.6981477!4d73.048716!16s%2Fg%2F11ympdn4w8!19sChIJp9WXB-Ht3zgR4apiuN6m_CY?authuser=0&hl=en&rclk=1","Oromax Dental Clinic","4.9","(43)","Dentist","·","·","Closed","https://lh3.googleusercontent.com/gps-cs-s/APNQkAHbWGUKF24n21UVOE0v6esR5e3DGUgjx0dLnbRnPen-iYc_hIGhheda38BoP0KHbdYXTN8KLwc8KpE74igJD9SKkt5EZ2EH48GGPqUJCM2meSPWxAaFQ88Wpw2r568W62KrOe9BLMjmAuRU=w122-h92-k-no","https://ssl.gstatic.com/local/servicebusiness/default_user.png","""Excellent","dental","service professional, gentle, and highly reliable.""","","Office No.19 First Floor, Crescent Arcade, Markaz Rd","· Opens 2 PM"
"https://www.google.com/maps/place/The+Tooth+Doctor+%7C+Dental+Clinic+in+Islamabad/data=!4m7!3m6!1s0x25fb336eb57e4c7:0xd4b8912671a68f87!8m2!3d33.6832937!4d72.9891808!16s%2Fg%2F11xrxspx2c!19sChIJx-RX6zazXwIRh4-mcSaRuNQ?authuser=0&hl=en&rclk=1","The Tooth Doctor | Dental Clinic in Islamabad","4.8","(49)","Dental clinic","·","Hassan Arcade, markaz","Closed","https://lh3.googleusercontent.com/gps-cs-s/APNQkAFwZbA_owd_8CU3-nSft4jjHYO2G_QuoJAO68Cox166fON4rKCMM74AsVwlnKiIja0AJ37gjdHy6-YpJCmv5_oOHtPpgmYxc2wO-LIAAwYalFeDoEc6gRKkQmHvM51Y1f-wmvFrMoFVkqKu=w122-h92-k-no","https://ssl.gstatic.com/local/servicebusiness/default_user.png","""The process itself was smooth, painless, and done with great precision.""","","","","","· Opens 3 PM"
"https://www.google.com/maps/place/Dental+Clinic+Islamabad+-+Dr+Usama+Hayat+%7C+Teeth+Aligners+%7C+Veneers+%7C+Dental+Implants+%7C+Jaw+Surgery/data=!4m7!3m6!1s0x38dfbf0febb33b19:0x104185d1a929445!8m2!3d33.7228938!4d73.0598307!16s%2Fg%2F11x_gqg_b4!19sChIJGTuz6w-_3zgRRZSSGl0YBAE?authuser=0&hl=en&rclk=1","Dental Clinic Islamabad - Dr Usama Hayat | Teeth Aligners | Veneers | Dental Implants | Jaw Surgery","5.0","(71)","Dentist","·","4TH FLOOR, Jinnah super, Ammar Arcade Centre, Market","Closed","https://lh3.googleusercontent.com/gps-cs-s/APNQkAHBf142xFS3cxoxkqycg70nH4pzUU2vUoBoscqWiucon1HZVfOY_7tZhQF0FfOwsPfQamHSV6M6gIJZS_o3Rabn8PRGSEdSIZE_qD-8HLV-8piTQkutNuOUpV2-JBILqkvWxkxGYGVgHME=w92-h92-k-no","https://ssl.gstatic.com/local/servicebusiness/default_user.png","""My teeth looked brighter within an hour, yet completely natural.""","","","","","· Opens 10 AM"
"https://www.google.com/maps/place/Dr+Umar+Younas/data=!4m7!3m6!1s0x38df95f8ded12965:0xe4139c1cb759604f!8m2!3d33.66904!4d73.0004753!16s%2Fg%2F11f4pqqvy7!19sChIJZSnR3viV3zgRT2BZtxycE-Q?authuser=0&hl=en&rclk=1","Dr Umar Younas","5.0","(162)","Dental clinic","·","·","Closed","https://lh3.googleusercontent.com/gps-cs-s/APNQkAFPvBMJyAmdqCOVIUDMMaiZNMZ5PZQ4KIW2KQ7M_XtsP-zfleuxQ26zfgR2J8_NTBqfqdDr_-t7VUOaNbsY6sCNMXMQdKnWp3TQ6zs_l_sIloDwL5Oz0w0-soPhaIyBNTqPH84C=w199-h92-k-no","https://ssl.gstatic.com/local/servicebusiness/default_user.png","""Very nice, honest, professional and reasonable","Dental","Surgeon.""","","Noor General Hospital","· Opens 12 PM"
"https://www.google.com/maps/place/Dr.Kiran+Haseeb+Dental+Clinic/data=!4m7!3m6!1s0x38dfbfd9bcf2a513:0x3f83f8a733c67ad0!8m2!3d33.6939904!4d73.0116438!16s%2Fg%2F11mtjyl96y!19sChIJE6XyvNm_3zgR0HrGM6f4gz8?authuser=0&hl=en&rclk=1","Dr.Kiran Haseeb Dental Clinic","4.7","(82)","Dentist","·","Main Sumbal Rd","Closed","https://lh3.googleusercontent.com/gps-cs-s/APNQkAHYzFVMj3Vyu_evGoPyNUkUh-DT29AuvaL23z23Ae7Ovd211vwGn64r31Wb35fn7f5cWm-9iK95ysE7UCmtnqmUT9yz2zJDYe-cUgCyymanA2TYd2wf-0tzPS3oOGtXAwW6kGeGNckOLVHj=w138-h92-k-no","https://ssl.gstatic.com/local/servicebusiness/default_user.png","""I got my veneers done here, and my smile has totally changed.""","","","","","· Opens 7:30 AM"
"https://www.google.com/maps/place/Dr.+Anum+Fatima/data=!4m7!3m6!1s0x38dfbf62a6f39393:0xe7cb8480f29eacbf!8m2!3d33.697008!4d73.051279!16s%2Fg%2F11stfj61tv!19sChIJk5PzpmK_3zgRv6ye8oCEy-c?authuser=0&hl=en&rclk=1","Dr. Anum Fatima","5.0","(28)","Dentist","·","above IDC","Closed","https://lh3.googleusercontent.com/gps-cs-s/APNQkAGTvvpRK9VBO0Mk3uTbiHUfO0P8-B2bywj5qE47FN7eCa5AfJVvetcUT1deizPx7-eRgDY8M0M2VWz3v9Xv-6c0dAk1dhqUO0nEwe-Rd7ytTG_j_NpxzPE7tzeSnahJI7HCHFA31AAa3kKt=w80-h92-p-k-no","","","","","","· Opens 2 PM",""
"https://www.google.com/maps/place/Dental+Specialists+of+Islamabad/data=!4m7!3m6!1s0x38dfbfbf50c8298f:0xd61525b73af0fa4f!8m2!3d33.715167!4d73.032976!16s%2Fg%2F11vysqxmy_!19sChIJjynIUL-_3zgRT_rwOrclFdY?authuser=0&hl=en&rclk=1","Dental Specialists of Islamabad","4.7","(74)","Dental clinic","·","Street 21","Closed","https://lh3.googleusercontent.com/gps-cs-s/APNQkAGjgoGJq6u8Euv6Nqgv6IUS18QEKMDR7jatwfGWhIx6QCURkkNXOcaVXpDFe540wTdHP_mWkKzknvRn2Qls7pCHmLNQUDTh0ARFiBQajGezZyyzcL2VgX2Al2OQQMn0uS8Do9KFLQ=w80-h92-p-k-no","","","","","","· Opens 11 AM",""
"https://www.google.com/maps/place/Pearly+Whites+Dental+Studio/data=!4m7!3m6!1s0x38dfbd7c38c1f663:0xec718f724fd7b331!8m2!3d33.7036255!4d72.9472755!16s%2Fg%2F11vdh5ykxj!19sChIJY_bBOHy93zgRMbPXT3KPcew?authuser=0&hl=en&rclk=1","Pearly Whites Dental Studio","5.0","(319)","Dental clinic","·","First Floor, Office 25,26, Zarpar Arcade","Closed","https://lh3.googleusercontent.com/gps-cs-s/APNQkAEnouGw88UbddK1CYi7YrxK3NpB4CJPx7mJgtU_LSc5mwsZf22ZsL2jlki77qTo1MaipC_K1QS7Q58Cvxw4PL3XdH4vgXR7RFuzB1doLVnt5f9T8X9kDgWQmhm4Zmc8t9brmXg=w204-h92-k-no","https://ssl.gstatic.com/local/servicebusiness/default_user.png","""Painless, thorough, and great results.""","","","","","· Opens 3 PM"
"https://www.google.com/maps/place/Dental+Art+%26+Science/data=!4m7!3m6!1s0x38dfbfbb90aef5fb:0x1b87e1a67a48d776!8m2!3d33.6941927!4d73.0118206!16s%2Fg%2F11vjxb4jc7!19sChIJ-_WukLu_3zgRdtdIeqbhhxs?authuser=0&hl=en&rclk=1","Dental Art & Science","4.9","(179)","Dental clinic","·","·","Closed","https://lh3.googleusercontent.com/gps-cs-s/APNQkAHZ6cxLd6Iuz4o1qSPcjCH45Kaic7zwbkiYj-u__hLIccVsYJhc_EqzsCH9bcyrvwh6AiO_4pFO45Gvd-pXh9YZ8nz_w4o95EvE43dPnntMZJUGmloU1BENhh5wRHnrfjO2GLvs=w80-h177-k-no","https://ssl.gstatic.com/local/servicebusiness/default_user.png","""The procedures were handled with skill, precision, and minimal discomfort.""","","","","House #6, main Sumbal Rd","· Opens 12:01 PM"
"https://www.google.com/maps/place/Dentesthetics/data=!4m7!3m6!1s0x38dfbffe9d4d744d:0x3c72ea6372b18e68!8m2!3d33.6764172!4d73.0263989!16s%2Fg%2F11qpwrwfmr!19sChIJTXRNnf6_3zgRaI6xcmPqcjw?authuser=0&hl=en&rclk=1","Dentesthetics","4.8","(73)","Dental clinic","·","House 1206, Street 40","Closed","https://lh3.googleusercontent.com/gps-cs-s/APNQkAEn7ThADVK6wiVpvstVj6SdL1ik8Tt4FqGDy9euZv4S4u-0-ev2W27xhGnA4S_yDpvAJSIjRmsMsMq-KTKteW4tM5DgJ0Mfnai6xs6O241JDtp_bUjkWwQtWqU8EG88sbkH1FI=w199-h92-k-no","https://ssl.gstatic.com/local/servicebusiness/default_user.png","""I came for veneers and whitening, and now my smile looks flawless.""","","","","","· Opens 1 PM"
"https://www.google.com/maps/place/Dr.+Faisal+Zahoor+%28Dental+Surgeon%29/data=!4m7!3m6!1s0x38dfbf22dcac80b7:0x68e3fe0eef1f0006!8m2!3d33.7109292!4d73.040717!16s%2Fg%2F11rxmkbvjv!19sChIJt4Cs3CK_3zgRBgAf7w7-42g?authuser=0&hl=en&rclk=1","Dr. Faisal Zahoor (Dental Surgeon)","5.0","(80)","Dental clinic","·","·","Open 24 hours","https://lh3.googleusercontent.com/gps-cs-s/APNQkAFgFCWXiOPQ7VNj8aBO49v3EGrXLM-dgFFOziolUKbXN_-4xG0TkWQTb4wRZFdFSm1fONeeDUH8uw7eZTN7qQRdYTP0FWRcLzCdww1540tUyKGkGCI-JSKe2Tj7AIl5uX_WKucTUPLb3QNk=w88-h92-k-no","https://ssl.gstatic.com/local/servicebusiness/default_user.png","""The treatment was less costly and less painful than rootcanal.""","","","","First Floor, Pakland Medical Center, Office # 3 Markaz",""
"https://www.google.com/maps/place/The+Dental+Care+Clinic+%28+Dr.Shahnawaz+Ahmed%29/data=!4m7!3m6!1s0x38dfbf5f6ff54ac3:0x44f924d16a0c4663!8m2!3d33.7224922!4d73.082138!16s%2Fg%2F11fl0bjqy4!19sChIJw0r1b1-_3zgRY0YMatEk-UQ?authuser=0&hl=en&rclk=1","The Dental Care Clinic ( Dr.Shahnawaz Ahmed)","4.9","(168)","Dental clinic","·","12 Mezzanine Floor, Huma Plaza, Fazal-e-Haq Road","Closed","https://lh3.googleusercontent.com/gps-cs-s/APNQkAH4cm1a9xWBgaVUEbk3Za_cwgYEsXfjuK1TTs8R4kWl9fYLw_T7sWdtsUHVY6ybGQUip4y9wb6J0gQEYXLJWggGXTGvKfSQde1lVUvCtn0LezKE3pRDM8zacrBH_Ec3V2Cujco=w127-h92-k-no","https://ssl.gstatic.com/local/servicebusiness/default_user.png","""He transformed my smile with a","dental","bridge that looks and feels amazing.""","","","· Opens 4 PM"
"https://www.google.com/maps/place/Dental+Wellness+Clinic+By+Dr.+Alina/data=!4m7!3m6!1s0x38dff30d1d3468fd:0x481a7bc849f99151!8m2!3d33.7098786!4d73.037301!16s%2Fg%2F11jz5ksl3p!19sChIJ_Wg0HQ3z3zgRUZH5Sch7Gkg?authuser=0&hl=en&rclk=1","Dental Wellness Clinic By Dr. Alina","4.9","(182)","Dental clinic","·","·","Closed","https://lh3.googleusercontent.com/gps-cs-s/APNQkAGXwEl-iIQUk0nLpUtyHF6wkNPTwQmdO-Iau018u-E_UB22pst2D-V77flWdqe7Qcat4SPzXXGoYeKjRTKw-4z3tgBPp4qofxb-KzetFTjPOip_jFFrSLEjE0ba84NmKifdpIqfm-nU3GXr=w122-h92-k-no","https://ssl.gstatic.com/local/servicebusiness/default_user.png","""𝙼𝚢 𝚝𝚎𝚎𝚝𝚑 𝚏𝚎𝚎𝚕 𝚐𝚛𝚎𝚊𝚝, 𝚊𝚗𝚍 𝚝𝚑𝚎 𝚛𝚎𝚜𝚞𝚕𝚝𝚜 𝚎𝚡𝚌𝚎𝚎𝚍𝚎𝚍 𝚖𝚢 𝚎𝚡𝚙𝚎𝚌𝚝𝚊𝚝𝚒𝚘𝚗𝚜.""","","","","House No, 40-A Street 30","· Opens 11 AM"
"https://www.google.com/maps/place/Zain+Dental+Clinic/data=!4m7!3m6!1s0x38dfbf3ba0bb6e53:0x9c1e38eba8425bf1!8m2!3d33.6902332!4d73.0307397!16s%2Fg%2F11ndwcv8ww!19sChIJU267oDu_3zgR8VtCqOs4Hpw?authuser=0&hl=en&rclk=1","Zain Dental Clinic","4.8","(62)","Dental clinic","·","M2RJ+483, Rohtas Rd, below D watson Karachi company Bus stop g9 markaz","Closed","https://lh3.googleusercontent.com/gps-cs-s/APNQkAHtwGYvso5lW1KDK4u9AEF0CNuhPY7Q7G8fGRgEi3vX10qJbdHZcfKBLb6ztam09XDKwDxvrWinVffR8TyuvgBrVX4QRaZ9KcWz9-P_aHJEJDXS75a8f6ec468ZEW7TXRx2jL8=w80-h142-k-no","https://ssl.gstatic.com/local/servicebusiness/default_user.png","""He's highly skilled, professional, and compassionate.""","","","","","· Opens 10 AM"
"https://www.google.com/maps/place/American+Dental+Clinic+%26+Skin+works/data=!4m7!3m6!1s0x38dfbe73944d4db3:0x90b6e552598a7f2f!8m2!3d33.6970545!4d73.0003746!16s%2Fg%2F1pxqfph1l!19sChIJs01NlHO-3zgRL3-KWVLltpA?authuser=0&hl=en&rclk=1","American Dental Clinic & Skin works","4.3","(199)","Dental clinic","·","·","Closed","https://lh3.googleusercontent.com/gps-cs-s/APNQkAF9Xuz4oKU3uVQt-R3t0gjwdHRW7ERPJ2sUAdpsSjIXZRvf82Hl-xVioENxk9Ze4_5kQGipABqJx7kNAL3a7uP-IA7ywencIjHyZnwtGCajMY-rXbUUOYzJiihPC4MmJWM6jrg_=w122-h92-k-no","https://ssl.gstatic.com/local/servicebusiness/default_user.png","""He explained everything clearly and delivered faster progress than expected.""","","","","House # 227-B Sector F-10/3","· Opens 2 PM"
"https://www.google.com/maps/place/Dental+Solutions/data=!4m7!3m6!1s0x38dfbfad38a8c215:0x825ce5f9bb3805ac!8m2!3d33.7112688!4d73.0417983!16s%2Fg%2F11z7xh2tb!19sChIJFcKoOK2_3zgRrAU4u_nlXII?authuser=0&hl=en&rclk=1","Dental Solutions","4.9","(191)","Dental clinic","·","201, 2nd Floor, Islamabad Diagnostic Centre IDC, Markaz","Closed","https://lh3.googleusercontent.com/gps-cs-s/APNQkAGFOoFYBKdOfmpGEUo6lSDACQgTwTt7Mw88qlgLM9ojYA4twHsT2qC5rA8RbNgWBPj8FBlrSszdKpsW8_MJtNmkqbM_hUOKbv2TjJ-Q9tWvGcdB5dDibtXpPlXWBanKkxLe4YdhuoJQZ-Ex=w80-h106-k-no","https://ssl.gstatic.com/local/servicebusiness/default_user.png","""Highly skilled, professional and caring","dentist",".""","","","· Opens 10 AM"
"https://www.google.com/maps/place/Rehman+Medical+%26+Dental+Centre+%28RMDC%29/data=!4m7!3m6!1s0x38df9596e34ad771:0xf718d019ce2cca86!8m2!3d33.6483823!4d73.0407075!16s%2Fg%2F11qnb2kg48!19sChIJcddK45aV3zgRhsoszhnQGPc?authuser=0&hl=en&rclk=1","Rehman Medical & Dental Centre (RMDC)","4.9","(158)","Hospital","·","·","Closed","https://lh3.googleusercontent.com/gps-cs-s/APNQkAEVHZ0Fk36J4n9B915jnjp3XFZA8inHl8tDskNmAMtNMhO7zl6AdjOQLFarxcU-Oe1RXFf_rjqpcPFugkVVuQI1Y4-DAFy_tHoVcWUzHCq_IZMCnEGYeNrCBC5h9nHQPP6oLnJSIw=w122-h92-k-no","https://ssl.gstatic.com/local/servicebusiness/default_user.png","""The","dentist","was very professional and explained every step clearly.""","","Ground floor & Basement, Makkah Plaza, Sohni Rd","· Opens 11 AM"
"https://www.google.com/maps/place/Ali+Dental+Surgery+%26+Esthetics/data=!4m7!3m6!1s0x38df977162bcffcd:0xdfcdae6ec039a417!8m2!3d33.6445447!4d72.9586293!16s%2Fg%2F11m9svyvjk!19sChIJzf-8YnGX3zgRF6Q5wG6uzd8?authuser=0&hl=en&rclk=1","Ali Dental Surgery & Esthetics","4.7","(37)","Dental clinic","·","·","Closed","https://lh3.googleusercontent.com/gps-cs-s/APNQkAEbQ4oBGG2IeEs5Vi2Zc1b-xIeBSw-Bn7LSEhRqohURsJI4cdB7HH2uBWwbMx4tlzOsF7Y87okZONI3V6Hbu51t-_jLamkQCwjL2p_0wic5bxzb9BZo2Vxrsat4hJFOts4RZBEmTA=w204-h92-k-no","https://ssl.gstatic.com/local/servicebusiness/default_user.png","""Ali","Dental","Surgery & Esthetics has a clean and modern environment.""","","Office no 1, First floor, shakeel arcade Market, 1 Street 85","· Opens 10 AM"
"https://www.google.com/maps/place/FACE+TEETH+SMILE+Dental+and+Aesthetics/data=!4m7!3m6!1s0x38dfbd543513d2df:0xaff5026b0b4c503d!8m2!3d33.7038385!4d72.9475674!16s%2Fg%2F11wtpwvp5g!19sChIJ39ITNVS93zgRPVBMC2sC9a8?authuser=0&hl=en&rclk=1","FACE TEETH SMILE Dental and Aesthetics","5.0","(39)","Dental clinic","·","first floor, Zarpar arcade","Closed","https://lh3.googleusercontent.com/gps-cs-s/APNQkAFOJ-ggw37oWv9vs0cB_stzB9OdAq_OfuX30OE5doz6F3SECDR1chUFF5fupew4GtCUCfqD8ksfN9MqlheAu75yWm8oxdeRml4zqFt2cax3nNdgxtV8J5KQVW-2XNRHis3X63n6L4EqNlKf=w204-h92-k-no","https://ssl.gstatic.com/local/servicebusiness/default_user.png","""She is an exceptional","dentist","with a gentle touch and a reassuring smile.""","","","· Opens 4:30 PM"
"https://www.google.com/maps/place/Smile+Center+Dental+Clinic/data=!4m7!3m6!1s0x38dfbf961c2bbe43:0x78fea5ab90ab4e92!8m2!3d33.7129218!4d73.0371676!16s%2Fg%2F11fjz_z__j!19sChIJQ74rHJa_3zgRkk6rkKul_ng?authuser=0&hl=en&rclk=1","Smile Center Dental Clinic","4.4","(125)","Dental clinic","·","·","Open 24 hours","https://lh3.googleusercontent.com/gps-cs-s/APNQkAF2jDBH16tITjYaRrOffTpq4rpL_CosJCbZh9j1s4xj_ObGB5jnARyeIcx4tOb0HT4fu5_aYAq2gaxnAQpSt88NtkqVEUmjIM_x34QO8nBzS29bXq5bIbo--YqyuFLvwamxvwJH=w163-h92-k-no","https://ssl.gstatic.com/local/servicebusiness/default_user.png","""Dr. Salman Ghani’s expertise and care were evident throughout the procedure.""","","","","Ground Floor، Smile Center Dental Clinic، Al-Babar Center, Park Rd، near OGDCL hospital & OPF School",""
"https://www.google.com/maps/place/It%27s+About+TEETH/data=!4m7!3m6!1s0x38df9533387c77f3:0x308da0db977f4061!8m2!3d33.6691484!4d73.0747927!16s%2Fg%2F11pcptkz16!19sChIJ83d8ODOV3zgRYUB_l9ugjTA?authuser=0&hl=en&rclk=1","It's About TEETH","5.0","(126)","Dental clinic","·","1st floor, Huzaifa Plaza, Office # 20","Closed","https://lh3.googleusercontent.com/gps-cs-s/APNQkAExHzBe8tg7ql6_ygTBup9cnyKL51y0pAuPxloNwvmEh6QvOLBGab9pZh9VQsm9i0HkaXreDi571_2J1OLDPh0YosEDdS_fjTldELs6OpPqImT-AmfZFJYRboAi_zb3ox8MyM0tmwhg860j=w163-h92-k-no","https://ssl.gstatic.com/local/servicebusiness/default_user.png","""Scaling, root canal and crowns with ZERO PAIN.""","","","","","· Opens 4 PM"