"hfpxzc href","qBF1Pd","MW4etd","UY7F9","W4Efsd","W4Efsd 2","W4Efsd 3","W4Efsd 4","W4Efsd 5","W4Efsd 6","UsdlK","lcr4fd href","Cw1rxd","R8c4Qb","Cw1rxd 2","R8c4Qb 2","Jn12ke src","ah5Ghc","ah5Ghc 2","ah5Ghc 3"
"","","","","","","","","","","","","","","","","","","",""
"","","","","","","","","","","","","","","","","","","",""
"https://www.google.com/maps/place/Sigma+Properties+Islamabad/data=!4m7!3m6!1s0x38dfbfab861f4b89:0x25ee4752db72bc51!8m2!3d33.7149923!4d73.0670303!16s%2Fg%2F11fm3q1cht!19sChIJiUsfhqu_3zgRUbxy21JH7iU?authuser=0&hl=en&rclk=1","Sigma Properties Islamabad","4.2","(319)","Real estate consultant","·","4th Floor Redco Plaza","Open","· Closes 6 PM","·","+92 340 1165555","https://sigmaproperties.com.pk/","","Website","","Directions","https://ssl.gstatic.com/local/servicebusiness/default_user.png","""Environment is good and beautiful.""","",""
"https://www.google.com/maps/place/AlRehman+Property+Advisor+%26+Construction/data=!4m7!3m6!1s0x38df9694a7fe350d:0xf20377de983326fa!8m2!3d33.6075619!4d72.970382!16s%2Fg%2F11c32925tq!19sChIJDTX-p5SW3zgR-iYzmN53A_I?authuser=0&hl=en&rclk=1","AlRehman Property Advisor & Construction","4.8","(245)","Real estate agency","·","House No, 1233 Street No. 7, near Makkah Chock","Open","· Closes 9 PM","·","+92 336 5322037","","","Directions","","","https://ssl.gstatic.com/local/servicebusiness/default_user.png","""Good experience fair dealing they had multiple plots options""","",""
"https://www.google.com/maps/place/Real+Estate+Islamabad+Pakistan/data=!4m7!3m6!1s0x38dfbe14c98378e5:0x3fa4c1c97c7e2345!8m2!3d33.694491!4d73.012649!16s%2Fg%2F12hr3c4r9!19sChIJ5XiDyRS-3zgRRSN-fMnBpD8?authuser=0&hl=en&rclk=1","Real Estate Islamabad Pakistan","4.6","(8)","Real estate agency","·","Office #17, Second Floor, Irfan Mansion Main Double Road","Closes soon","· 5 PM · Opens 9 AM Sat","·","+92 300 8502646","","","Directions","","","","","",""
"https://www.google.com/maps/place/Shakrial+%26+Co.+Estate+and+Builders/data=!4m7!3m6!1s0x38df97be3813699b:0x86c0a4b72f07088!8m2!3d33.6355473!4d72.9237941!16s%2Fg%2F11b6slr2t_!19sChIJm2kTOL6X3zgRiHDwcksKbAg?authuser=0&hl=en&rclk=1","Shakrial & Co. Estate and Builders","4.5","(52)","Real estate agency","·","·","Open 24 hours","","G، 177 Main Road No.1، 15/3 Pakistan","+92 300 5011917","http://www.shakrialestates.com/","","Website","","Directions","","","",""
"https://www.google.com/maps/place/Splendors+Properties%7C+Best+real+estate+agency+in+Islamabad%7C+top+property+consultants/data=!4m7!3m6!1s0x38dfbf575a1304ff:0x56af9799854aaf2!8m2!3d33.7108744!4d73.0592053!16s%2Fg%2F11j_7x530k!19sChIJ_wQTWle_3zgR8qpUmHn5agU?authuser=0&hl=en&rclk=1","Splendors Properties| Best real estate agency in Islamabad| top property consultants","4.8","(53)","Real estate consultant","·","·","Open 24 hours","","2nd Floor, Ginza Centre، Office # 07 Jinnah Ave","+92 333 1581620","https://splendorsproperties.com/","","Website","","Directions","https://ssl.gstatic.com/local/servicebusiness/default_user.png","""They provide the best guidance and answer your concerns.""","",""
"https://www.google.com/maps/place/Farmhouse+for+sale+in+islamabad,+deals+in,+buy+and+sell+property,+real+estate,+consultant/data=!4m7!3m6!1s0x38dfbd60c2fff7d5:0xff5e69da2abbe857!8m2!3d33.6831677!4d72.9881739!16s%2Fg%2F11fjy74gzk!19sChIJ1ff_wmC93zgRV-i7KtppXv8?authuser=0&hl=en&rclk=1","Farmhouse for sale in islamabad, deals in, buy and sell property, real estate, consultant","4.6","(10)","Real estate consultant","·","Office # 9, 2nd Floor, Trade Center","Open","· Closes 9 PM","·","+92 341 7111555","","","Directions","","","","Onsite services","",""
"https://www.google.com/maps/place/Islamabad+Real+Estate/data=!4m7!3m6!1s0x38dfbe6b85026489:0x1477e01ee787b61e!8m2!3d33.69794!4d73.011596!16s%2Fg%2F1ptvxt0kc!19sChIJiWQChWu-3zgRHraH5x7gdxQ?authuser=0&hl=en&rclk=1","Islamabad Real Estate","3.4","(5)","Real estate agency","·","Office No. 7B, Second Floor, City Plaza, F-10 Markaz, Islamabad","Open","· Closes 9 PM","·","+92 314 5555593","","","Directions","","","","","",""
"https://www.google.com/maps/place/Wirasat+Real+Estate/data=!4m7!3m6!1s0x38df95826b46169b:0xf6a500ab5eedeaa2!8m2!3d33.668734!4d72.9983493!16s%2Fg%2F11q8h54v3v!19sChIJmxZGa4KV3zgRourtXqsApfY?authuser=0&hl=en&rclk=1","Wirasat Real Estate","3.9","(74)","Property management company","·","Office No. 33, Third Floor, Al-Ghaffar Mall","Open","· Closes 6 PM","·","+92 300 7444006","http://www.wirasat.com/","","Website","","Directions","https://ssl.gstatic.com/local/servicebusiness/default_user.png","""A authentic and","genuine real estate","giant."""
"https://www.google.com/maps/place/Brothers+Real+Estate+Advisors/data=!4m7!3m6!1s0x38df958eb7db3dfb:0xd12c4b064a466893!8m2!3d33.6691914!4d72.9987841!16s%2Fg%2F11hmzc92yq!19sChIJ-z3bt46V3zgRk2hGSgZLLNE?authuser=0&hl=en&rclk=1","Brothers Real Estate Advisors","4.9","(28)","Real estate developer","·","·","Open","· Closes 6:30 PM","Ground Floor, MX9X+PF4, www.brothersrealestateadvisor.com, Office#09 Sardar St","+92 331 5100506","","","Directions","","","https://ssl.gstatic.com/local/servicebusiness/default_user.png","""Professional, responsive, and genuinely cares about clients.""","",""
"https://www.google.com/maps/place/E-11+Islamabad+Estate+Agency/data=!4m7!3m6!1s0x38dfbd7caf2c7559:0x74505082bb2f9490!8m2!3d33.6961405!4d72.9679791!16s%2Fg%2F11fr0rxc1b!19sChIJWXUsr3y93zgRkJQvu4JQUHQ?authuser=0&hl=en&rclk=1","E-11 Islamabad Estate Agency","4.6","(17)","Real estate agency","·","·","Open","· Closes 10 PM","1st floor office No, Crown Business Centre, 07 Main Double Rd","+92 333 7205184","https://sindhika.com/","","Website","","Directions","https://ssl.gstatic.com/local/servicebusiness/default_user.png","""Excellent place to live""","",""
"https://www.google.com/maps/place/Ahmad+Estate+Pvt.Ltd,+Soan+Garden,+Islamabad./data=!4m7!3m6!1s0x38dfeda3b7a1ad0f:0x74d9d988d8e3ea26!8m2!3d33.5647202!4d73.1521496!16s%2Fg%2F11h0hjq156!19sChIJD62ht6Pt3zgRJurj2IjZ2XQ?authuser=0&hl=en&rclk=1","Ahmad Estate Pvt.Ltd, Soan Garden, Islamabad.","4.8","(34)","Industrial real estate agency","","·","Open","· Closes 10 PM","","+92 315 9194508","https://www.facebook.com/ahmed.estate.and.property.advisor","","Website","","Directions","https://ssl.gstatic.com/local/servicebusiness/default_user.png","""Their deals are transparent and very cooperative.""","",""
"https://www.google.com/maps/place/Prime+Property+%26+Developers+Pvt.+Ltd./data=!4m7!3m6!1s0x38dfbf491153f14d:0x799626851cd38836!8m2!3d33.7123506!4d73.0615691!16s%2Fg%2F11sfr76x96!19sChIJTfFTEUm_3zgRNojTHIUmlnk?authuser=0&hl=en&rclk=1","Prime Property & Developers Pvt. Ltd.","4.8","(46)","Real estate agency","·","6 Mezzanine Floor, Mujahid Plaza, Jinnah Ave","Open","· Closes 6 PM","·","+92 300 3794458","","","Directions","","","https://ssl.gstatic.com/local/servicebusiness/default_user.png","""Honest and reliable","real estate","consultant in islamabad"""
"https://www.google.com/maps/place/Estate+166/data=!4m7!3m6!1s0x38df95d937333d81:0x7997dc37b2077f36!8m2!3d33.6694147!4d72.9987209!16s%2Fg%2F11swjxhtg6!19sChIJgT0zN9mV3zgRNn8Hsjfcl3k?authuser=0&hl=en&rclk=1","Estate 166","4.9","(36)","Real estate agency","·","Office # 2,3 & 4, Islamabad Arcade Plaza","Open","· Closes 7 PM","·","+92 333 7777166","https://estate166.com/","","Website","","Directions","https://ssl.gstatic.com/local/servicebusiness/default_user.png","""","Estate","166 team very professional, educated and cooperative."""
"https://www.google.com/maps/place/Akbar+Groups+Real+Estate+And+Builders/data=!4m7!3m6!1s0x38dfed2d24922c8d:0xe673fd10fdd10111!8m2!3d33.5497452!4d73.1239826!16s%2Fg%2F11j_qz9495!19sChIJjSySJC3t3zgREQHR_RD9c-Y?authuser=0&hl=en&rclk=1","Akbar Groups Real Estate And Builders","5.0","(99)","Real estate agency","·","·","Open 24 hours","","3rd Floor Plot 181, Office : 9, Main Blvd","+92 333 6955557","","","Directions","","","https://ssl.gstatic.com/local/servicebusiness/default_user.png","""Highly recommended
Very honest","real estate","agents in Rawalpindi Islamabad"""
"https://www.google.com/maps/place/Aura+Properties/data=!4m7!3m6!1s0x38dfbf118e5cd45b:0x9354311ba889395c!8m2!3d33.7227407!4d73.0816271!16s%2Fg%2F11qnts09pc!19sChIJW9RcjhG_3zgRXDmJqBsxVJM?authuser=0&hl=en&rclk=1","Aura Properties","4.8","(63)","Real estate agency","·","3rd Floor Office No, Al Asghar Plaza, 1 Jinnah Ave","Open","· Closes 6 PM","·","+92 336 4000641","https://www.aurabizz.com/","","Website","","Directions","https://ssl.gstatic.com/local/servicebusiness/default_user.png","""Trustable company, good advice, coordinative staff, fair deal.""","",""
"https://www.google.com/maps/place/Jahan+Numa+Estate/data=!4m7!3m6!1s0x38df954f80da4a95:0x50ed0eb00778f0c2!8m2!3d33.6687962!4d73.0760829!16s%2Fg%2F12mkz9p1v!19sChIJlUragE-V3zgRwvB4B7AO7VA?authuser=0&hl=en&rclk=1","Jahan Numa Estate","5.0","(58)","Real estate consultant","·","Office # 12, First Floor, Rose1 Plaza, Mir Chakar Khan Rd","Open","· Closes 7:30 PM","·","+92 300 5102146","https://youtube.com/@JahanNumaEstate","","Website","","Directions","https://ssl.gstatic.com/local/servicebusiness/default_user.png","""I found Mr Masood very attentive, knowledgeable and responsive.""","",""
"https://www.google.com/maps/place/Top+Value+Associates+%7C+Best+Property+Dealers/data=!4m7!3m6!1s0x38dfbd257217b559:0x8ce62cf456972341!8m2!3d33.7013576!4d72.949611!16s%2Fg%2F11trxcth8w!19sChIJWbUXciW93zgRQSOXVvQs5ow?authuser=0&hl=en&rclk=1","Top Value Associates | Best Property Dealers","4.9","(57)","Real estate consultant","·","Office no. 17, First floor, AIM Arcade","Open 24 hours","","·","+92 347 0003341","http://www.topvalueassociates.com/","","Website","","Directions","https://ssl.gstatic.com/local/servicebusiness/default_user.png","""very professional,experienced and helpful agents.Highly recommend.""","",""
"https://www.google.com/maps/place/Top+Value+Associates+%7C+Best+Property+Dealers/data=!4m7!3m6!1s0x38dfbd468fd145c7:0x8069dfe38ac0e448!8m2!3d33.6846253!4d72.9863775!16s%2Fg%2F11vwjywm17!19sChIJx0XRj0a93zgRSOTAiuPfaYA?authuser=0&hl=en&rclk=1","Top Value Associates | Best Property Dealers","4.9","(62)","Real estate agency","·","3rd floor, Capital Territory, markaz","Open 24 hours","","·","+92 336 5221225","https://www.topvalueassociates.com/","","Website","","Directions","https://ssl.gstatic.com/local/servicebusiness/default_user.png","""Professional and responsive","real estate","consultants"""
"https://www.google.com/maps/place/Islamabad+Property+Dealers/data=!4m7!3m6!1s0x38dfbd0996bb50a1:0x52be4a11070d0dab!8m2!3d33.687196!4d72.9421984!16s%2Fg%2F11f3_zgr91!19sChIJoVC7lgm93zgRqw0NBxFKvlI?authuser=0&hl=en&rclk=1","Islamabad Property Dealers","4.1","(11)","Real estate consultant","·","Street 1","","","","+92 313 5380645","","","Directions","","","","","",""
"https://www.google.com/maps/place/SRH+International+Real+Estate+%26+Builders/data=!4m7!3m6!1s0x38dfbfba07444cf3:0xffc186d2adedaa0f!8m2!3d33.6859412!4d73.1634658!16s%2Fg%2F11r9typ881!19sChIJ80xEB7q_3zgRD6rtrdKGwf8?authuser=0&hl=en&rclk=1","SRH International Real Estate & Builders","4.8","(36)","Real estate agency","·","Office No. 4, Ground Floor, Kayani Plaza, Jinnah","Open","· Closes 6 PM","·","+92 346 3044455","","","Directions","","","https://ssl.gstatic.com/local/servicebusiness/default_user.png","""SRH international are very professional","real estate","expert"""
"https://www.google.com/maps/place/TANVEER+ASSOCIATES/data=!4m7!3m6!1s0x38dfbd51711fb099:0xa30e273f7f548025!8m2!3d33.703809!4d72.980369!16s%2Fg%2F11hzpn1jxs!19sChIJmbAfcVG93zgRJYBUfz8nDqM?authuser=0&hl=en&rclk=1","TANVEER ASSOCIATES","4.8","(90)","Real estate developer","·","Office No# 4,5","Open","· Closes 7 PM","·","0330 1979311","https://www.google.com/aclk?sa=L&ai=DChsSEwjVxK3Zk5OVAxWUqGgJHZSEAMcYACICCAEQAxoCd2Y&co=1&ase=2&gclid=CjwKCAjw0dPRBhAPEiwAE5vTTlhEQvIKKSrfCfrMEGWMtqbYs0qjTSh8hfBdSDb3vQZlo2nqUiJfDBoCRmoQAvD_BwE&cid=CAAS0wHkaHrn5L8keHSgjxWyv8zITi_hUrdYmOnv7rJ9xXwkud_2WAVCVD2EWoYLoejNQ2aQo5g560e9qNpOsC7dBfHn7Z7tYs1TjLqmwUuxQX1b7O4zQQPG0oLapoSg_9zeW3U5jTCVU12Cz0iz3WTqMNctQ141h3iGPWhBLWTRQ_aE3h644uL-atkuO2gSVHxB9L7krH6ihCxXOZxzvltbzxsIwzyDmXvKDZk2UXOPB6M4k9WfQ5kYbuvr8vxjNlyneHoTLs_YdYHeb2NscrjwAjSwJrYn&cce=2&category=acrcp_v1_32&sig=AOD64_2UbGYqgEDmPAByMYx_qY_qXaTu6Q&adurl&q&ctype=99&nis=6","","Website","","Directions","","","",""
"https://www.google.com/maps/place/Elysium+Tower+Service+Apartments+Islamabad+KAT/data=!4m7!3m6!1s0x38dfbd02662d8fcb:0x845f1b35ff753ad3!8m2!3d33.707226!4d73.052288!16s%2Fg%2F11z4b2ps56!19sChIJy48tZgK93zgR0zp1_zUbX4Q?authuser=0&hl=en&rclk=1","Elysium Tower Service Apartments Islamabad KAT","5.0","(5)","Serviced apartment","·","Plot # 4, Main Jinnah Avenue","","","","0331 6662426","https://www.google.com/aclk?sa=L&ai=DChsSEwjVxK3Zk5OVAxWUqGgJHZSEAMcYACICCAEQBBoCd2Y&co=1&ase=2&gclid=CjwKCAjw0dPRBhAPEiwAE5vTTlgZwnxvyf1XE86fRyqZ17ZRh1nrOMXgc9jgAXiiuhxbmGbXoOMkOxoC33wQAvD_BwE&cid=CAAS0wHkaHrn5L8keHSgjxWyv8zITi_hUrdYmOnv7rJ9xXwkud_2WAVCVD2EWoYLoejNQ2aQo5g560e9qNpOsC7dBfHn7Z7tYs1TjLqmwUuxQX1b7O4zQQPG0oLapoSg_9zeW3U5jTCVU12Cz0iz3WTqMNctQ141h3iGPWhBLWTRQ_aE3h644uL-atkuO2gSVHxB9L7krH6ihCxXOZxzvltbzxsIwzyDmXvKDZk2UXOPB6M4k9WfQ5kYbuvr8vxjNlyneHoTLs_YdYHeb2NscrjwAjSwJrYn&cce=2&category=acrcp_v1_32&sig=AOD64_2qXdhpXqNJhahp8wJIAc9o1zLOag&adurl&q&ctype=99&nis=6","","Website","","Directions","","","",""
"https://www.google.com/maps/place/Ghandhara+Estate/data=!4m7!3m6!1s0x38dfbe6b485b34a5:0xd7c570041abb20c2!8m2!3d33.6954459!4d73.0120103!16s%2Fg%2F1tq8gy9s!19sChIJpTRbSGu-3zgRwiC7GgRwxdc?authuser=0&hl=en&rclk=1","Ghandhara Estate","4.6","(25)","Real estate agency","·","·","Open","· Closes 7:30 PM","Crescent Plaza, M2W6+6WR, F-10 Markaz","+92 300 9568645","https://ghandharaestate.com/","","Website","","Directions","https://ssl.gstatic.com/local/servicebusiness/default_user.png","""They are reliable and very professional with their work.""","",""
"https://www.google.com/maps/place/Mumtaz+%26+Brothers+Islamabad+Estate+Agents+Association/data=!4m7!3m6!1s0x38dfbdb8f315c323:0x7383d998612add12!8m2!3d33.6961207!4d72.9681417!16s%2Fg%2F11gbk2052g!19sChIJI8MV87i93zgREt0qYZjZg3M?authuser=0&hl=en&rclk=1","Mumtaz & Brothers Islamabad Estate Agents Association","4.0","(76)","Real estate agency","·","·","Open 24 hours","","Office#13, First Floor, crown business center, 8 Main Double Rd","+92 340 9860794","","","Directions","","","https://ssl.gstatic.com/local/servicebusiness/default_user.png","""Professional person""","",""
"https://www.google.com/maps/place/Sepehr+Realtors+%E2%80%93+Property+Dealers+in+Islamabad+and+Rawalpindi/data=!4m7!3m6!1s0x38df97ba9557d563:0x840a77db83f4a522!8m2!3d33.5752314!4d73.1515038!16s%2Fg%2F11t9bpmp5r!19sChIJY9VXlbqX3zgRIqX0g9t3CoQ?authuser=0&hl=en&rclk=1","Sepehr Realtors – Property Dealers in Islamabad and Rawalpindi","5.0","(28)","Industrial real estate agency","·","2nd floor, Alvi Arcade, PWD Office, Sepehr Realtors","Open","· Closes 6 PM","·","+92 332 5431841","https://sepehrrealtors.com.pk/","","Website","","Directions","https://ssl.gstatic.com/local/servicebusiness/default_user.png","""Provided excellent service.""","",""
"https://www.google.com/maps/place/Tehseen+Estate+Builders+%26+Developers/data=!4m7!3m6!1s0x38dfbd946bc086a1:0x586f8d19ab740ec3!8m2!3d33.6829986!4d72.9885!16s%2Fg%2F11fl101f7l!19sChIJoYbAa5S93zgRww50qxmNb1g?authuser=0&hl=en&rclk=1","Tehseen Estate Builders & Developers","5.0","(23)","Real estate agency","·","Office No.11 2nd Floor,Lord Trade Center","Open","· Closes 8 PM","·","+92 331 1110222","https://tehseenestate.com.pk/","","Website","","Directions","https://ssl.gstatic.com/local/servicebusiness/default_user.png","""Very coperative staff & professional enviroment""","",""
"https://www.google.com/maps/place/Land+Route+Properties+Pvt.+Ltd/data=!4m7!3m6!1s0x38dfbff939844d17:0x78b1608c6f7761a5!8m2!3d33.7208684!4d73.0789599!16s%2Fg%2F11jyj78610!19sChIJF02EOfm_3zgRpWF3b4xgsXg?authuser=0&hl=en&rclk=1","Land Route Properties Pvt. Ltd","4.9","(29)","Property investment company","·","Safdar Mension, Office 1 & 2, Street 30","Open","· Closes 7 PM","·","+92 345 1908640","","","Directions","","","https://ssl.gstatic.com/local/servicebusiness/default_user.png","""Reliable","real estate","company with trust worthy & tested experience."""
"https://www.google.com/maps/place/Vision51+-+Real+Estate+Investment+Property+Sale+Purchase+in+Islamabad/data=!4m7!3m6!1s0x38dfbfb5fbe6faab:0xf852b59b756aa658!8m2!3d33.7122847!4d73.0616168!16s%2Fg%2F1q62gck63!19sChIJq_rm-7W_3zgRWKZqdZu1Uvg?authuser=0&hl=en&rclk=1","Vision51 - Real Estate Investment Property Sale Purchase in Islamabad","4.5","(16)","Real estate consultant","·","Jinnah Ave","Open 24 hours","","·","+92 333 4310267","https://vision51.pk/","","Website","","Directions","https://ssl.gstatic.com/local/servicebusiness/default_user.png","""Professional","real estate","agents and"
"https://www.google.com/maps/place/Land+Agency/data=!4m7!3m6!1s0x38df95e73d472b03:0xefc505bc5b8c8a1a!8m2!3d33.6692166!4d72.9988041!16s%2Fg%2F11k1rn_xyd!19sChIJAytHPeeV3zgRGoqMW7wFxe8?authuser=0&hl=en&rclk=1","Land Agency","4.8","(9)","Property investment company","·","Office # 4, 2nd Floor, Islamabad Arcade","Open","· Closes 8 PM","·","+92 334 0908220","http://www.landagency.com.pk/","","Website","","Directions","https://ssl.gstatic.com/local/servicebusiness/default_user.png","""Quite impressive and best advisor""","",""
"https://www.google.com/maps/place/ALLIED+Real+Estate+%26+Builders/data=!4m7!3m6!1s0x38dfbf47062fb7af:0xceda3240a196403b!8m2!3d33.7179642!4d73.0852663!16s%2Fg%2F11p4_71v8n!19sChIJr7cvBke_3zgRO0CWoUAy2s4?authuser=0&hl=en&rclk=1","ALLIED Real Estate & Builders","4.9","(30)","Real estate agency","·","Office no.7 B, Block 21, Melody near GPO, Civic Centre","Open","· Closes 8 PM","·","+92 334 0115810","https://www.facebook.com/allied.official22","","Website","","Directions","","","",""
"https://www.google.com/maps/place/House+For+Sale+in+Bhara+Kahu+Islamabad/data=!4m7!3m6!1s0x38dfc153af5e651b:0xa8006147d8c9fdd!8m2!3d33.7417431!4d73.1730847!16s%2Fg%2F11llw_s5sg!19sChIJG2Ver1PB3zgR3Z-MfRQGgAo?authuser=0&hl=en&rclk=1","House For Sale in Bhara Kahu Islamabad","4.5","(18)","Real estate consultant","·","P5RF+M6W Col. Amanullah Road, Bukhari St","Open 24 hours","","·","+92 316 5186498","https://bharakahu.business/the-realtorz.htm","","Website","","Directions","https://ssl.gstatic.com/local/servicebusiness/default_user.png","""Very nice place""","",""
"https://www.google.com/maps/place/Syed+Property+Consultants+%26+Builders+Enclave/data=!4m7!3m6!1s0x38dfe9aaa5862a3b:0x7e24e33fc557c944!8m2!3d33.6860386!4d73.2106149!16s%2Fg%2F11fl7c_wwv!19sChIJOyqGparp3zgRRMlXxT_jJH4?authuser=0&hl=en&rclk=1","Syed Property Consultants & Builders Enclave","5.0","(65)","Real estate agency","·","ZOO, Office No. 7 Lower Ground Prism Arcade 4 Opposite","Open","· Closes 9 PM","·","+92 334 9343999","https://youtube.com/@ShaheerAkmaljf17official","","Website","","Directions","https://ssl.gstatic.com/local/servicebusiness/default_user.png","""Amazing team, beautiful office, reliable deals.""","",""
"https://www.google.com/maps/place/Manahil+Estate/data=!4m7!3m6!1s0x38dfeb7eff524867:0xbb4eaab37a4efc4e!8m2!3d33.5226485!4d73.0926863!16s%2Fg%2F1hm1vg4_y!19sChIJZ0hS_37r3zgRTvxOerOqTrs?authuser=0&hl=en&rclk=1","Manahil Estate","4.2","(41)","Real estate agency","·","Office no. 2, 2nd Floor, Faisal Bank Plaza, Spring North،","Open","· Closes 7 PM","·","+92 345 5222253","https://manahilestate.com/","","Website","","Directions","https://ssl.gstatic.com/local/servicebusiness/default_user.png","""Its a good place for","real estate","consultancy."""
"https://www.google.com/maps/place/Awan+Properties/data=!4m7!3m6!1s0x38dfed85fb42706d:0xf3f1dae4b245d967!8m2!3d33.5260975!4d73.1563086!16s%2Fg%2F113h4j12y!19sChIJbXBC-4Xt3zgRZ9lFsuTa8fM?authuser=0&hl=en&rclk=1","Awan Properties","4.8","(105)","Commercial real estate agency","·","Capt GM Awan Arcade, A-18","Open","· Closes 6:30 PM","·","+92 304 1111702","http://www.awanproperties.com/","","Website","","Directions","https://ssl.gstatic.com/local/servicebusiness/default_user.png","""I found them honest, competent, highly professional team with a good leader.""","",""
"https://www.google.com/maps/place/Tierra+Associates/data=!4m7!3m6!1s0x38df952a3f2ed193:0xc8a46e5ffc008998!8m2!3d33.6693566!4d72.9998384!16s%2Fg%2F11tfbs17m9!19sChIJk9EuPyqV3zgRmIkA_F9upMg?authuser=0&hl=en&rclk=1","Tierra Associates","4.9","(171)","Real estate consultant","·","Office 25-26, 1st Floor, Al Rehmat Mall, Markaz","Open","· Closes 7 PM","·","+92 331 1111444","http://www.tierra.pk/","","Website","","Directions","https://ssl.gstatic.com/local/servicebusiness/default_user.png","""Awsome","real estate","company very friendly and professional staff."""
"https://www.google.com/maps/place/Real+Estate+Islamabad+-+Tatweer+Associates+-+Property+Consultant/data=!4m7!3m6!1s0x38dfbf27f7b6fdbb:0x55e701f8db37ac94!8m2!3d33.7118119!4d73.0607846!16s%2Fg%2F11p9y47sh9!19sChIJu_229ye_3zgRlKw32_gB51U?authuser=0&hl=en&rclk=1","Real Estate Islamabad - Tatweer Associates - Property Consultant","5.0","(9)","Real estate agency","·","64-E, Top Floor, Masco Plaza","Open","· Closes 9 PM","·","+92 312 9672909","","","Directions","","","","Onsite services","Online appointments",""
"https://www.google.com/maps/place/Musa+Estate+%26+Builders/data=!4m7!3m6!1s0x38dfe955c42934d1:0xf7fbcef02afdf401!8m2!3d33.6796445!4d73.245264!16s%2Fg%2F11pclxv5bp!19sChIJ0TQpxFXp3zgRAfT9KvDO-_c?authuser=0&hl=en&rclk=1","Musa Estate & Builders","4.9","(25)","Real estate agency","·","M6HW+R4V, Office 02 GF, BRC Tower, 72 Block G, Civic Zone, 3rd Ave","Open","· Closes 9 PM","·","+92 300 1734007","https://musaestatebuilders.site/","","Website","","Directions","https://ssl.gstatic.com/local/servicebusiness/default_user.png","""Great people, Great services, highly recommended !!""","",""
"https://www.google.com/maps/place/Real+Estate+Investment+Consultants/data=!4m7!3m6!1s0x38dfed62d4a8476f:0xaf1db01047e6c711!8m2!3d33.521704!4d73.1086694!16s%2Fg%2F11g18w0g27!19sChIJb0eo1GLt3zgREcfmRxCwHa8?authuser=0&hl=en&rclk=1","Real Estate Investment Consultants","5.0","(130)","Real estate agent","·","·","Open","· Closes 7 PM","Office # 4-A/27، Defence Business Bay، behind cafe trieste","+92 333 0527887","","","Directions","","","https://ssl.gstatic.com/local/servicebusiness/default_user.png","""Recognized and reputable","real estate","agency and agents"""
"https://www.google.com/maps/place/IBEX+Properties/data=!4m7!3m6!1s0x38df95911172a431:0xf01e108e0b2b6b57!8m2!3d33.6685016!4d72.9989027!16s%2Fg%2F11t881w_4n!19sChIJMaRyEZGV3zgRV2srC44QHvA?authuser=0&hl=en&rclk=1","IBEX Properties","4.9","(52)","Real estate agency","·","Office#17 First Floor Al-Ghaffar Mall","Open 24 hours","","·","+92 310 0001937","","","Directions","","","https://ssl.gstatic.com/local/servicebusiness/default_user.png","""Professional and educated staff well mannered","real estate","group."""
"https://www.google.com/maps/place/A+%26+A+Marketing+%26+Real+Estates/data=!4m7!3m6!1s0x38dfc18388e0e571:0xda953fb9ddb62552!8m2!3d33.7417599!4d73.1695329!16s%2Fg%2F11j0rhwlqr!19sChIJceXgiIPB3zgRUiW23bk_ldo?authuser=0&hl=en&rclk=1","A & A Marketing & Real Estates","5.0","(46)","Real estate agent","·","Downtown Margalla, Margalla valley near colonel","Open","· Closes 7 PM","·","+92 317 0006669","https://www.facebook.com/AAMarketingRealEstates?mibextid=ZbWKwL","","Website","","Directions","https://ssl.gstatic.com/local/servicebusiness/default_user.png","""Professional","real estate","agents 100 percent verified."""
"https://www.google.com/maps/place/4M+Enterprises+Real+Estate+%26+Builders+%28Pvt.+Ltd.%29/data=!4m7!3m6!1s0x38df95bc0ea94907:0x27c09e719cf9a55!8m2!3d33.6667271!4d73.0731981!16s%2Fg%2F11k6dlk9gq!19sChIJB0mpDryV3zgRVZrPGecJfAI?authuser=0&hl=en&rclk=1","4M Enterprises Real Estate & Builders (Pvt. Ltd.)","4.5","(59)","Real estate agency","·","Office No. 2, 1st Floor, Zaki Centre","Closed","· Opens 9 AM Mon","·","+92 51 4938267","https://fourem.com.pk/","","Website","","Directions","https://ssl.gstatic.com/local/servicebusiness/default_user.png","""Highly professional and experienced people in their field...""","",""
"https://www.google.com/maps/place/ABU+ALI+REALTORS/data=!4m7!3m6!1s0x38dfbfca1982ab5d:0x75c5079f822797ee!8m2!3d33.7200878!4d73.0552696!16s%2Fg%2F11txv9p8t7!19sChIJXauCGcq_3zgR7pcngp8HxXU?authuser=0&hl=en&rclk=1","ABU ALI REALTORS","5.0","(28)","Real estate consultant","·","Office no 3, 1st Floor, King's Arcade","Closes soon","· 5 PM · Opens 9 AM Sat","·","+92 316 6883113","","","Directions","","","https://ssl.gstatic.com/local/servicebusiness/default_user.png","""One of the best Reliable and trustworthy","property","partners."""
"https://www.google.com/maps/place/TANVEER+ASSOCIATES/data=!4m7!3m6!1s0x38dfbd51711fb099:0xa30e273f7f548025!8m2!3d33.703809!4d72.980369!16s%2Fg%2F11hzpn1jxs!19sChIJmbAfcVG93zgRJYBUfz8nDqM?authuser=0&hl=en&rclk=1","TANVEER ASSOCIATES","4.8","(90)","Real estate developer","·","Office No# 4,5","Open","· Closes 7 PM","·","0330 1979311","https://www.google.com/aclk?sa=L&ai=DChsSEwi0y7KLlJOVAxU0hGgJHcXDKv4YACICCAEQChoCd2Y&co=1&ase=2&gclid=CjwKCAjw0dPRBhAPEiwAE5vTTjZZAPVXWQwlLCxkZPSYHWQqbYbnpdbQ476Ne1jUaM3i4vwhLgvuUBoCdRIQAvD_BwE&cid=CAAS0wHkaE0syj2E-dOgd-XcKmZG7i7GPaFh3npR_TlWdnACa7PY5as6i8jbsFNIfoJRXu_r4eon2d3eNdHj3Z_03IEK-xsC3-8rRqXy4FPcqLZTmee1sodGKOT3hzkUkdAnsKBltmpo4w42QMYNO_MfJPLuGqqnkEqql3wgabplF2kqnds008LvXwPdAdS9RrBnJ1wC2Fw6r11LupneNriIE0B8LqOzEKk6-B0sYt5mjjzIIBsIy2GvgEF14gYXEFpWRlVNrrCuyB1vjdc405mFE_FyKmoH&cce=2&category=acrcp_v1_32&sig=AOD64_0GJKxlxUie-zQrV2Ysob8y2Rtojw&adurl&q&ctype=99&nis=6","","Website","","Directions","","","",""
"https://www.google.com/maps/place/Walk-Inn+Apartments+@+F-11+Markaz/data=!4m7!3m6!1s0x38dfbd2c5cddfec5:0x484fa5e8c34a489b!8m2!3d33.682611!4d72.986372!16s%2Fg%2F11ltsjpdb8!19sChIJxf7dXCy93zgRm0hKw-ilT0g?authuser=0&hl=en&rclk=1","Walk-Inn Apartments @ F-11 Markaz","4.6","(38)","Hotel","·","Hamza Road","","","","0326 8426757","https://www.google.com/aclk?sa=L&ai=DChsSEwi0y7KLlJOVAxU0hGgJHcXDKv4YACICCAEQABoCd2Y&co=1&ase=2&gclid=CjwKCAjw0dPRBhAPEiwAE5vTThxpH8hPE5C0tH7A2bc3ul1n7N46LWlAm1eHcdwqULoPSuxNruOv1BoCU5UQAvD_BwE&cid=CAAS0wHkaE0syj2E-dOgd-XcKmZG7i7GPaFh3npR_TlWdnACa7PY5as6i8jbsFNIfoJRXu_r4eon2d3eNdHj3Z_03IEK-xsC3-8rRqXy4FPcqLZTmee1sodGKOT3hzkUkdAnsKBltmpo4w42QMYNO_MfJPLuGqqnkEqql3wgabplF2kqnds008LvXwPdAdS9RrBnJ1wC2Fw6r11LupneNriIE0B8LqOzEKk6-B0sYt5mjjzIIBsIy2GvgEF14gYXEFpWRlVNrrCuyB1vjdc405mFE_FyKmoH&cce=2&category=acrcp_v1_32&sig=AOD64_3Q02Lq3vy3seZrDXE4Xosk4aGNjQ&adurl&q&ctype=99&nis=6","","Website","","Directions","","","",""
"https://www.google.com/maps/place/Pak+Punjab+Estate/data=!4m7!3m6!1s0x38df954059d68449:0xa23dbf1cae4e94db!8m2!3d33.6668511!4d73.073775!16s%2Fg%2F12mkzl43b!19sChIJSYTWWUCV3zgR25ROrhy_PaI?authuser=0&hl=en&rclk=1","Pak Punjab Estate","4.7","(18)","Industrial real estate agency","·","Office no 2-A Plaza 2000 Sector","Open","· Closes 9 PM","·","+92 336 5298883","","","Directions","","","","Online appointments","",""
"https://www.google.com/maps/place/Islamabad+Property+Sale+Purchase/data=!4m7!3m6!1s0x38df95ff26d99d8f:0xc850cea9a8da7cd!8m2!3d33.6687147!4d72.9978791!16s%2Fg%2F11n6v_dkqm!19sChIJj53ZJv-V3zgRzaeNmuoMhQw?authuser=0&hl=en&rclk=1","Islamabad Property Sale Purchase","","","Real estate agency","","·","Open","· Closes 8 PM","","+92 333 5466642","","","Directions","","","","","",""
"https://www.google.com/maps/place/Hasnain+Real+Estate+Consultant/data=!4m7!3m6!1s0x38dfeb947cfd9829:0xdd8b8b7b7b90abf9!8m2!3d33.6463194!4d73.1706043!16s%2Fg%2F11l71w8mh2!19sChIJKZj9fJTr3zgR-auQe3uLi90?authuser=0&hl=en&rclk=1","Hasnain Real Estate Consultant","4.4","(34)","Real estate agency","·","Gulberg Town Ali Pur","Open","· Closes 6 PM","·","+92 333 5372785","http://www.hasnainrealestate.com/","","Website","","Directions","https://ssl.gstatic.com/local/servicebusiness/default_user.png","""Reliable, professional, and a pleasure to work with highly recommended!""","",""
"https://www.google.com/maps/place/Narowal+Estate,+Real+estate+agent+and+property+dealer/data=!4m7!3m6!1s0x38dfbe224ddcc829:0x9d0bb69a1ddbd2d8!8m2!3d33.6780972!4d73.0168272!16s%2Fg%2F1td4by14!19sChIJKcjcTSK-3zgR2NLbHZq2C50?authuser=0&hl=en&rclk=1","Narowal Estate, Real estate agent and property dealer","5.0","(3)","Commercial real estate agency","·","Narowal Estate, Markaz","Closes soon","· 5 PM · Opens 9 AM Sat","·","+92 333 5707777","https://www.youtube.com/@Zameeninfo","","Website","","Directions","","","",""
"https://www.google.com/maps/place/Precise+Realtors+%26+Builders+%28Pvt%29+Ltd./data=!4m7!3m6!1s0x38dfa31d6b7740df:0x7d36614a598301b4!8m2!3d33.6880683!4d72.8205295!16s%2Fg%2F11fwbcfx00!19sChIJ30B3ax2j3zgRtAGDWUphNn0?authuser=0&hl=en&rclk=1","Precise Realtors & Builders (Pvt) Ltd.","4.9","(38)","Real estate consultant","·","1st floor, Manal arcade, B1 markaz","Closed","· Opens 9 AM Sat","·","+92 334 5533767","https://precisegroup.pk/","","Website","","Directions","https://ssl.gstatic.com/local/servicebusiness/default_user.png","""Their professionalism and commitment show in every step of the process.""","",""
"https://www.google.com/maps/place/Shahid+Associates+Real+Estate+-+Property+Dealers+in+Gulberg+Islamabad/data=!4m7!3m6!1s0x38dfeb286672ddf7:0xb037d08dc168fa2c!8m2!3d33.5995567!4d73.1542356!16s%2Fg%2F11nfsm_451!19sChIJ991yZijr3zgRLPpowY3QN7A?authuser=0&hl=en&rclk=1","Shahid Associates Real Estate - Property Dealers in Gulberg Islamabad","5.0","(6)","Real estate consultant","·","Office 307, 4th Floor, HM Tower, Business Park","Closed","· Opens 9 AM Sat","·","+92 323 9696971","","","Directions","","","https://ssl.gstatic.com/local/servicebusiness/default_user.png","""Trusted consultant!""","",""
"https://www.google.com/maps/place/RUMI+ESTATE+%26+DEVELOPER/data=!4m7!3m6!1s0x38dfbd81a400b297:0xa3e71a308a4906f4!8m2!3d33.6982924!4d72.9802177!16s%2Fg%2F11s67b_fcs!19sChIJl7IApIG93zgR9AZJijAa56M?authuser=0&hl=en&rclk=1","RUMI ESTATE & DEVELOPER","5.0","(2)","Real estate agency","·","Street 26 E-11/4 fortune Residency","Open","· Closes 8:30 PM","","","","","Directions","","","","","",""
"https://www.google.com/maps/place/ADC+Marketing+Pvt+ltd/data=!4m7!3m6!1s0x38dfbde6c7993b49:0x6252013556058c8c!8m2!3d33.6997025!4d72.9860727!16s%2Fg%2F11s5xp0vb1!19sChIJSTuZx-a93zgRjIwFVjUBUmI?authuser=0&hl=en&rclk=1","ADC Marketing Pvt ltd","4.6","(19)","Real estate consultant","·","·","Open","· Closes 6 PM","Block # 2, Business Bay Avenue, Main Service Rd E","+92 315 8323248","http://adcmarketing.pk/","","Website","","Directions","https://ssl.gstatic.com/local/servicebusiness/default_user.png","""... Anosh and his team will provide best options to invest in","real estate","."""
"https://www.google.com/maps/place/TANVEER+ASSOCIATES/data=!4m7!3m6!1s0x38dfbd51711fb099:0xa30e273f7f548025!8m2!3d33.703809!4d72.9803689!16s%2Fg%2F11hzpn1jxs!19sChIJmbAfcVG93zgRJYBUfz8nDqM?authuser=0&hl=en&rclk=1","TANVEER ASSOCIATES","4.8","(90)","Real estate developer","·","First Floor, Plot No# 32-33, Askaan Center, Office No# 4,5, 6 Markaz","Open","· Closes 7 PM","·","+92 330 1979311","http://www.tanveerassociates.com.pk/","","Website","","Directions","https://ssl.gstatic.com/local/servicebusiness/default_user.png","""Their attention to detail and clear communication really stood out.""","",""
"https://www.google.com/maps/place/Eighteen/data=!4m7!3m6!1s0x38dfbfa2b2716ab1:0x634128e16820955!8m2!3d33.650218!4d72.9823774!16s%2Fg%2F11h0hjq4by!19sChIJsWpxsqK_3zgRVQmCFo4SNAY?authuser=0&hl=en&rclk=1","Eighteen","4.4","(485)","Real estate developer","·","·","Open","· Closes 6 PM","Srinagar Highway, M1 M2 Link Road, adjacent to Sector H-17","+92 315 5111935","https://eighteenpk.com/","","Website","","Directions","https://ssl.gstatic.com/local/servicebusiness/default_user.png","""beautiful housing project on a great location""","",""
"https://www.google.com/maps/place/Pakistan+Real+Estate/data=!4m7!3m6!1s0x38dfbddc77bd5add:0x87885dc288db2e05!8m2!3d33.6963024!4d72.985273!16s%2Fg%2F11t9jds0y9!19sChIJ3Vq9d9y93zgRBS7biMJdiIc?authuser=0&hl=en&rclk=1","Pakistan Real Estate","5.0","(1)","Real estate agency","·","House# 272B, St 12","","","","+92 51 2222196","https://www.pakistanrealestate.net/islamabad/bharakahu/179878/l","","Website","","Directions","","","",""
"https://www.google.com/maps/place/Graana.com/data=!4m7!3m6!1s0x38dfbf9b0ec6f253:0x818ef772ce63f960!8m2!3d33.7200622!4d73.0736465!16s%2Fg%2F11g9mhcg1z!19sChIJU_LGDpu_3zgRYPljznL3joE?authuser=0&hl=en&rclk=1","Graana.com","4.2","(326)","Real estate agency","·","Beverly Centre, Jinnah Ave","Closes soon","· 5 PM · Opens 9 AM Mon","·","+92 51 111 555 555","https://www.graana.com/","","Website","","Directions","https://ssl.gstatic.com/local/servicebusiness/default_user.png","""","State","of the art servicees in"
"https://www.google.com/maps/place/Real+Estate+Islamabad/data=!4m7!3m6!1s0x38dfbf54d48d05cd:0x892f4f778d1ccc5a!8m2!3d33.717034!4d73.0703173!16s%2Fg%2F11q4c8ql4m!19sChIJzQWN1FS_3zgRWswcjXdPL4k?authuser=0&hl=en&rclk=1","Real Estate Islamabad","","","Real estate agent","·","P38C+R48","","","","+92 333 5387211","","","Directions","","","","","",""
"https://www.google.com/maps/place/Realtors+%26+Builders/data=!4m7!3m6!1s0x38df95ed6b98e0af:0x5090cf5112172655!8m2!3d33.6668172!4d73.0743768!16s%2Fg%2F11l_b2d81s!19sChIJr-CYa-2V3zgRVSYXElHPkFA?authuser=0&hl=en&rclk=1","Realtors & Builders","4.8","(12)","Real estate agent","·","no 15 , Second floor","","","","+92 333 9655556","","","Directions","","","","Onsite services","Online appointments",""
"https://www.google.com/maps/place/DBS+-+Dream+Business+Solutions+%28Real+Estate+%26+Builders%29/data=!4m7!3m6!1s0x38dfbd13f72d65a3:0xac829941a7b3f4bc!8m2!3d33.699939!4d72.9804363!16s%2Fg%2F11sv6w4h_k!19sChIJo2Ut9xO93zgRvPSzp0GZgqw?authuser=0&hl=en&rclk=1","DBS - Dream Business Solutions (Real Estate & Builders)","4.8","(5)","Real estate agency","·","House 450-C, Main Double Rd","Open","· Closes 9 PM","·","+92 347 8898798","http://dbsmarketing.com.pk/","","Website","","Directions","https://ssl.gstatic.com/local/servicebusiness/default_user.png","""Excellent and professionals are working here""","",""
"https://www.google.com/maps/place/Gandhara+Properties+%28Private%29+limited/data=!4m7!3m6!1s0x38dfed42d4361d75:0xfbc0bd5e85915f5a!8m2!3d33.5344466!4d73.1287622!16s%2Fg%2F11xymj3nst!19sChIJdR021ELt3zgRWl-RhV69wPs?authuser=0&hl=en&rclk=1","Gandhara Properties (Private) limited","5.0","(8)","Real estate consultant","·","Rauf Tower, Main, 2 GT Rd, near Amazon Mall","Open","· Closes 7 PM","·","+92 330 7770000","https://www.gandharaproperties.com/","","Website","","Directions","https://ssl.gstatic.com/local/servicebusiness/default_user.png","""Best experience cooperative staff 100%authentic and reliable""","",""
"https://www.google.com/maps/place/Park+View+City+Islamabad+Location/data=!4m7!3m6!1s0x38dfc3d4003ef0a3:0x2ffea89e12f7be6b!8m2!3d33.7196472!4d73.2036534!16s%2Fg%2F11kjybtys_!19sChIJo_A-ANTD3zgRa773Ep6o_i8?authuser=0&hl=en&rclk=1","Park View City Islamabad Location","4.4","(308)","Real estate developer","·","·","Open 24 hours","","Kuri Road","","","","Directions","","","https://ssl.gstatic.com/local/servicebusiness/default_user.png","""Quality roads, underground wiring, own water/electricity infrastructure.""","",""
"https://www.google.com/maps/place/Firefly+Associates,+Real+Estate+and+Marketing/data=!4m7!3m6!1s0x38dfbdd5af67c2bd:0x5a8c929ca8cc6a7c!8m2!3d33.7004277!4d72.9777242!16s%2Fg%2F11q4gd12d0!19sChIJvcJnr9W93zgRfGrMqJySjFo?authuser=0&hl=en&rclk=1","Firefly Associates, Real Estate and Marketing","5.0","(3)","Real estate agency","·","PX2H+53H, Street 38","Open","· Closes 8 PM","·","+92 301 5070953","","","Directions","","","","","",""